Order_ID,Order_Date,Customer_ID,Customer_Name,Product,Category,Quantity,Price,City,Payment_Method
1000,2025-11-24,1015,Aarav,Shoes,Fashion,3,3036.73,Hyderabad,UPI
1001,2025-12-13,1095,Divya,Smartphone,Electronics,5,24609.61,Chennai,UPI
1002,2025-04-22,1030,Manoj,Backpack,Accessories,1,1822.05,Pune,Credit Card
1003,2025-08-18,1076,Vikram,T-Shirt,Fashion,1,946.59,Hyderabad,Cash
1004,2025-06-24,1036,Rahul,Keyboard,Electronics,3,1104.53,Pune,UPI
1005,2025-07-03,1045,Keerthi,Mouse,Electronics,1,836.76,Bengaluru,Cash
1006,2025-02-10,1071,Ananya,Jeans,Fashion,5,1938.76,Coimbatore,Credit Card
1007,2025-12-27,1009,Diya,Water Bottle,Accessories,2,474.58,Bengaluru,Credit Card
1008,2025-02-21,1049,Vikram,Notebook,Stationery,3,111.9,Coimbatore,Credit Card
1009,2025-12-10,1035,Karthik,Backpack,Accessories,2,1812.29,Mumbai,Credit Card
1010,2025-08-25,1049,Vikram,Coffee Mug,Home,5,330.37,Coimbatore,UPI
1011,2025-04-28,1005,Sanjay,Study Table,Furniture,3,7762.52,Coimbatore,Credit Card
1012,2025-12-02,1064,Harish,Coffee Mug,Home,4,325,Hyderabad,Credit Card
1013,2025-10-15,1069,Vikram,Shoes,Fashion,5,3154.2,Pune,Debit Card
1014,2025-04-23,1018,Manoj,Notebook,Stationery,1,126.14,Bengaluru,Credit Card
1015,2025-11-18,1021,Kavya,Backpack,Accessories,1,1758.52,Kochi,Debit Card
1016,2025-10-11,1002,Meera,Water Bottle,Accessories,5,472.58,Coimbatore,UPI
1017,2025-05-31,1056,Sneha,Notebook,Stationery,1,130.89,Delhi,Credit Card
1018,2025-09-17,1014,Ananya,Jeans,Fashion,5,1839.23,Hyderabad,Debit Card
1019,2025-03-24,1070,Manoj,Coffee Mug,Home,1,356.93,Kochi,UPI
1020,2025-02-27,1047,Ananya,Keyboard,Electronics,1,1137.81,Bengaluru,UPI
1021,2025-09-06,1009,Divya,T-Shirt,Fashion,2,833.11,Kochi,Credit Card
1022,2025-05-16,1068,Keerthi,Study Table,Furniture,2,9229.15,Mumbai,Debit Card
1023,2025-07-24,1086,Nisha,Notebook,Stationery,5,118.84,Mumbai,Credit Card
1024,2025-02-02,1044,Aarav,Backpack,Accessories,5,1702.84,Mumbai,UPI
1025,2025-02-06,1091,Diya,Keyboard,Electronics,1,1297.3,Coimbatore,UPI
1026,2025-09-21,1031,Vikram,Water Bottle,Accessories,4,424.28,Hyderabad,Cash
1027,2025-05-05,1061,Kavya,Keyboard,Electronics,1,1103.26,Pune,Debit Card
1028,2025-08-05,1053,Rohit,Jeans,Fashion,1,1862.41,Bengaluru,UPI
1029,2025-07-26,1094,Sanjay,T-Shirt,Fashion,1,854.76,Mumbai,Cash
1030,2025-03-13,1055,Sneha,Mouse,Electronics,4,759.97,Bengaluru,Cash
1031,2025-10-09,1013,Diya,Water Bottle,Accessories,5,480.24,Bengaluru,Credit Card
1032,2025-03-27,1053,Aisha,Notebook,Stationery,2,128.75,Chennai,Credit Card
1033,2025-07-14,1001,Harish,Mouse,Electronics,4,765.64,Kochi,Credit Card
1034,2025-04-08,1038,Arjun,Laptop,Electronics,5,57593.11,Chennai,Debit Card
1035,2025-01-30,1007,Akash,Notebook,Stationery,5,130.07,Hyderabad,UPI
1036,2025-09-18,1011,Sneha,Smartphone,Electronics,5,22839.8,Mumbai,Cash
1037,2025-03-03,1073,Priya,Backpack,Accessories,5,1634.31,Bengaluru,Cash
1038,2025-12-03,1075,Akash,Pen Pack,Stationery,3,86.96,Mumbai,Debit Card
1039,2025-05-03,1034,Harish,Headphones,Electronics,3,2478.61,Bengaluru,UPI
1040,2025-08-23,1080,Akash,Smartphone,Electronics,1,25188.17,Delhi,Credit Card
1041,2025-06-28,1009,Priya,Office Chair,Furniture,3,6055.07,Delhi,UPI
1042,2025-12-08,1071,Ananya,Coffee Mug,Home,1,380.73,Hyderabad,Debit Card
1043,2025-03-01,1014,Divya,Headphones,Electronics,3,2390.88,Mumbai,Debit Card
1044,2025-04-15,1088,Vikram,Pen Pack,Stationery,4,76.02,Chennai,UPI
1045,2025-11-21,1055,Vikram,Laptop,Electronics,1,53169.12,Hyderabad,Debit Card
1046,2025-03-24,1095,Rohit,Pen Pack,Stationery,4,80.97,Bengaluru,UPI
1047,2025-12-20,1020,Divya,Laptop,Electronics,3,55907.61,Hyderabad,Cash
1048,2025-03-07,1006,Ananya,Office Chair,Furniture,1,7018.6,Mumbai,Credit Card
1049,2025-12-08,1014,Nisha,T-Shirt,Fashion,5,969.14,Pune,Credit Card
1050,2025-05-02,1021,Sneha,Coffee Mug,Home,4,316.74,Coimbatore,Cash
1051,2025-12-09,1095,Priya,Mouse,Electronics,2,845.98,Bengaluru,Cash
1052,2025-01-20,1061,Priya,Keyboard,Electronics,4,1163.92,Mumbai,Credit Card
1053,2025-01-13,1085,Arjun,Study Table,Furniture,3,8123.63,Bengaluru,Debit Card
1054,2025-06-29,1083,Manoj,Study Table,Furniture,5,8212.95,Chennai,UPI
1055,2025-05-14,1023,Akash,Mouse,Electronics,1,737.34,Pune,Debit Card
1056,2025-06-10,1056,Keerthi,Pen Pack,Stationery,1,78.16,Mumbai,Debit Card
1057,2025-01-23,1091,Kavya,Laptop,Electronics,5,59681.33,Mumbai,Debit Card
1058,2025-08-09,1009,Sanjay,Backpack,Accessories,3,1858.82,Bengaluru,Debit Card
1059,2025-09-17,1040,Kavya,Office Chair,Furniture,4,6756.37,Hyderabad,Credit Card
1060,2025-08-04,1086,Harish,Water Bottle,Accessories,2,460.4,Delhi,Cash
1061,2025-10-08,1001,Ananya,Mouse,Electronics,2,788.78,Coimbatore,Cash
1062,2025-08-15,1057,Arjun,Pen Pack,Stationery,4,84.7,Hyderabad,UPI
1063,2025-05-26,1066,Keerthi,Office Chair,Furniture,1,6913.95,Mumbai,Debit Card
1064,2025-04-26,1026,Rahul,Laptop,Electronics,1,52193.27,Kochi,UPI
1065,2025-08-22,1054,Akash,Keyboard,Electronics,4,1198.65,Mumbai,Credit Card
1066,2025-12-02,1089,Aarav,Coffee Mug,Home,1,369.49,Mumbai,Credit Card
1067,2025-12-23,1067,Rohit,Laptop,Electronics,5,52241.18,Bengaluru,Cash
1068,2025-03-10,1060,Manoj,Pen Pack,Stationery,5,77.08,Kochi,Cash
1069,2025-10-08,1058,Sneha,Shoes,Fashion,4,3168.04,Mumbai,Debit Card
1070,2025-09-24,1063,Priya,Mouse,Electronics,4,732.4,Delhi,Credit Card
1071,2025-05-20,1043,Sanjay,Coffee Mug,Home,5,320.64,Hyderabad,Credit Card
1072,2025-07-16,1089,Rahul,Shoes,Fashion,2,2921.11,Pune,Debit Card
1073,2025-10-05,1060,Kavya,Laptop,Electronics,2,58661.8,Pune,UPI
1074,2025-10-22,1049,Aisha,Laptop,Electronics,3,52784.74,Pune,Cash
1075,2025-10-03,1096,Divya,T-Shirt,Fashion,5,971.61,Kochi,Credit Card
1076,2025-05-20,1056,Aisha,Laptop,Electronics,4,53197.42,Pune,Credit Card
1077,2025-08-28,1017,Keerthi,Pen Pack,Stationery,1,86.51,Chennai,UPI
1078,2025-11-26,1055,Rahul,Jeans,Fashion,4,1685.42,Delhi,Cash
1079,2025-06-17,1028,Rohit,Office Chair,Furniture,3,6839.6,Pune,Debit Card
1080,2025-08-04,1033,Karthik,Notebook,Stationery,1,125.98,Chennai,Debit Card
1081,2025-04-25,1084,Karthik,T-Shirt,Fashion,1,945.76,Mumbai,Credit Card
1082,2025-01-11,1080,Rahul,Keyboard,Electronics,2,1193.65,Bengaluru,Credit Card
1083,2025-08-27,1090,Vikram,T-Shirt,Fashion,3,840.2,Bengaluru,Credit Card
1084,2025-06-09,1014,Akash,Laptop,Electronics,3,55833.76,Pune,Cash
1085,2025-04-12,1010,Akash,Shoes,Fashion,2,2945.22,Delhi,UPI
1086,2025-10-17,1006,Nisha,Pen Pack,Stationery,4,82.58,Bengaluru,Debit Card
1087,2025-01-07,1054,Aisha,Smartphone,Electronics,4,27303.94,Kochi,Credit Card
1088,2025-08-11,1023,Manoj,Water Bottle,Accessories,3,460.43,Kochi,Cash
1089,2025-08-12,1094,Akash,Mouse,Electronics,3,856.27,Bengaluru,Debit Card
1090,2025-08-19,1032,Rohit,Backpack,Accessories,5,1860.55,Coimbatore,UPI
1091,2025-09-11,1042,Sneha,Notebook,Stationery,2,116.52,Delhi,Debit Card
1092,2025-05-24,1077,Vikram,Pen Pack,Stationery,1,80.27,Mumbai,UPI
1093,2025-05-04,1093,Kavya,Notebook,Stationery,5,126.2,Kochi,Cash
1094,2025-08-18,1003,Karthik,Mouse,Electronics,2,784.7,Mumbai,Debit Card
1095,2025-12-06,1075,Nisha,Notebook,Stationery,5,120.74,Pune,Debit Card
1096,2025-06-30,1090,Rohit,Mouse,Electronics,3,760.22,Bengaluru,Credit Card
1097,2025-06-11,1016,Divya,T-Shirt,Fashion,2,844.48,Kochi,Debit Card
1098,2025-10-29,1098,Manoj,Backpack,Accessories,3,1972.98,Mumbai,Debit Card
1099,2025-04-27,1047,Sneha,Mouse,Electronics,1,833.28,Hyderabad,Debit Card
1100,2025-01-24,1007,Divya,Mouse,Electronics,2,822.06,Kochi,UPI
1101,2025-01-07,1074,Ananya,Notebook,Stationery,4,118.57,Hyderabad,UPI
1102,2025-05-10,1062,Meera,Jeans,Fashion,1,1764.25,Bengaluru,UPI
1103,2025-03-19,1020,Akash,Mouse,Electronics,1,879.03,Bengaluru,Cash
1104,2025-11-07,1077,Keerthi,Keyboard,Electronics,5,1171.29,Kochi,Debit Card
1105,2025-10-29,1055,Ananya,Backpack,Accessories,5,1641.68,Bengaluru,Credit Card
1106,2025-11-17,1028,Vikram,Water Bottle,Accessories,1,419.14,Hyderabad,UPI
1107,2025-03-22,1001,Kavya,Notebook,Stationery,5,119.28,Chennai,Credit Card
1108,2025-05-28,1091,Ananya,Shoes,Fashion,4,2925.56,Mumbai,Debit Card
1109,2025-11-17,1076,Arjun,Study Table,Furniture,1,8575.76,Hyderabad,Debit Card
1110,2025-03-14,1010,Diya,Headphones,Electronics,3,2547.52,Delhi,Cash
1111,2025-03-05,1060,Ananya,Shoes,Fashion,4,3483.31,Kochi,Cash
1112,2025-02-11,1077,Diya,Coffee Mug,Home,4,366.42,Delhi,UPI
1113,2025-02-16,1030,Akash,Backpack,Accessories,1,1979.85,Delhi,UPI
1114,2025-03-31,1061,Manoj,Water Bottle,Accessories,4,487.45,Hyderabad,Cash
1115,2025-11-22,1063,Karthik,Notebook,Stationery,3,117.8,Coimbatore,UPI
1116,2025-03-24,1043,Kavya,Shoes,Fashion,4,3064.46,Pune,UPI
1117,2025-08-21,1012,Sanjay,Mouse,Electronics,3,738.55,Pune,UPI
1118,2025-12-03,1070,Rohit,Study Table,Furniture,1,7968.89,Coimbatore,Cash
1119,2025-11-17,1057,Diya,Keyboard,Electronics,3,1211.81,Delhi,Cash
1120,2025-12-24,1063,Meera,Laptop,Electronics,5,58292.45,Hyderabad,Debit Card
1121,2025-10-10,1002,Divya,Study Table,Furniture,1,8031.99,Bengaluru,Cash
1122,2025-03-02,1083,Rahul,Notebook,Stationery,3,120.21,Delhi,Cash
1123,2025-09-05,1061,Priya,Notebook,Stationery,5,111.47,Mumbai,Credit Card
1124,2025-02-05,1036,Kavya,Office Chair,Furniture,5,6197.32,Chennai,Debit Card
1125,2025-06-02,1076,Akash,Water Bottle,Accessories,4,482.87,Kochi,Cash
1126,2025-06-26,1043,Divya,T-Shirt,Fashion,5,877.9,Coimbatore,Credit Card
1127,2025-12-24,1031,Akash,Study Table,Furniture,2,9105.22,Pune,UPI
1128,2025-06-12,1096,Aisha,Shoes,Fashion,4,3127.09,Hyderabad,Cash
1129,2025-01-19,1017,Manoj,Backpack,Accessories,3,1933.09,Kochi,UPI
1130,2025-09-27,1059,Aarav,Shoes,Fashion,2,3142.39,Hyderabad,UPI
1131,2025-08-29,1034,Sanjay,Backpack,Accessories,4,1853.94,Coimbatore,Cash
1132,2025-06-12,1081,Aisha,Jeans,Fashion,5,1632.92,Bengaluru,Credit Card
1133,2025-11-20,1088,Ananya,Keyboard,Electronics,1,1184.15,Bengaluru,UPI
1134,2025-08-16,1022,Ananya,Coffee Mug,Home,1,318.22,Chennai,Debit Card
1135,2025-07-03,1048,Kavya,Headphones,Electronics,2,2515.58,Hyderabad,Credit Card
1136,2025-03-31,1011,Keerthi,Jeans,Fashion,4,1843.1,Mumbai,Cash
1137,2025-10-26,1019,Priya,Notebook,Stationery,3,119.03,Chennai,Cash
1138,2025-05-28,1087,Divya,Headphones,Electronics,1,2470.86,Coimbatore,Debit Card
1139,2025-11-24,1055,Vikram,Notebook,Stationery,3,112.78,Pune,Cash
1140,2025-02-24,1031,Harish,Backpack,Accessories,3,1826.93,Delhi,UPI
1141,2025-12-04,1051,Vikram,Laptop,Electronics,5,59015.74,Chennai,Cash
1142,2025-05-27,1100,Priya,Backpack,Accessories,3,1698.84,Mumbai,Debit Card
1143,2025-12-14,1097,Rahul,Water Bottle,Accessories,1,486.31,Chennai,Debit Card
1144,2025-08-14,1005,Akash,Office Chair,Furniture,2,5967.17,Delhi,Debit Card
1145,2025-08-01,1023,Arjun,Headphones,Electronics,5,2688.23,Coimbatore,Debit Card
1146,2025-03-26,1033,Aisha,T-Shirt,Fashion,3,944.38,Coimbatore,UPI
1147,2025-08-28,1010,Rahul,T-Shirt,Fashion,2,964.83,Pune,Debit Card
1148,2025-02-16,1051,Aarav,Mouse,Electronics,5,739.77,Coimbatore,Debit Card
1149,2025-10-27,1049,Nisha,Smartphone,Electronics,2,24857.38,Coimbatore,Credit Card
1150,2025-11-28,1009,Rohit,Coffee Mug,Home,3,360.45,Bengaluru,Credit Card
1151,2025-01-24,1005,Ananya,Notebook,Stationery,1,110.33,Hyderabad,Cash
1152,2025-08-21,1048,Divya,Study Table,Furniture,5,8911.86,Hyderabad,Cash
1153,2025-12-02,1013,Aisha,Backpack,Accessories,4,1958.06,Delhi,UPI
1154,2025-12-20,1048,Arjun,Notebook,Stationery,4,130.81,Coimbatore,UPI
1155,2025-12-18,1048,Divya,Coffee Mug,Home,3,319.24,Delhi,Credit Card
1156,2025-03-04,1059,Karthik,Water Bottle,Accessories,2,462.75,Chennai,UPI
1157,2025-06-20,1032,Rahul,T-Shirt,Fashion,5,846.94,Mumbai,Credit Card
1158,2025-04-30,1043,Rahul,T-Shirt,Fashion,5,810.51,Hyderabad,Credit Card
1159,2025-10-04,1033,Sneha,Smartphone,Electronics,1,23159.02,Coimbatore,Credit Card
1160,2025-10-29,1042,Aarav,Headphones,Electronics,3,2276.2,Pune,UPI
1161,2025-02-02,1061,Rohit,T-Shirt,Fashion,3,902.38,Bengaluru,Cash
1162,2025-09-15,1029,Keerthi,Laptop,Electronics,5,52817.93,Chennai,UPI
1163,2025-09-03,1052,Kavya,Water Bottle,Accessories,1,449.12,Kochi,UPI
1164,2025-02-11,1042,Keerthi,Headphones,Electronics,1,2313.1,Coimbatore,Cash
1165,2025-11-02,1068,Ananya,Notebook,Stationery,5,122.53,Bengaluru,UPI
1166,2025-12-02,1084,Divya,Shoes,Fashion,2,3155.24,Mumbai,Cash
1167,2025-06-23,1059,Harish,Study Table,Furniture,1,8181.33,Coimbatore,Debit Card
1168,2025-07-11,1020,Aisha,Smartphone,Electronics,1,26658.86,Bengaluru,Cash
1169,2025-02-19,1096,Nisha,T-Shirt,Fashion,2,910.15,Coimbatore,UPI
1170,2025-07-30,1046,Kavya,Jeans,Fashion,1,1968.62,Delhi,Debit Card
1171,2025-02-23,1074,Manoj,Keyboard,Electronics,2,1237.62,Mumbai,UPI
1172,2025-06-29,1072,Nisha,Smartphone,Electronics,3,25370.5,Pune,UPI
1173,2025-11-08,1085,Vikram,Laptop,Electronics,2,52505.97,Delhi,Debit Card
1174,2025-06-29,1001,Sneha,Jeans,Fashion,2,1823.88,Pune,UPI
1175,2025-03-14,1095,Aarav,Smartphone,Electronics,5,23575.66,Pune,Cash
1176,2025-06-24,1021,Nisha,Mouse,Electronics,3,844.29,Bengaluru,UPI
1177,2025-03-21,1021,Keerthi,Laptop,Electronics,1,52493.13,Pune,Cash
1178,2025-11-07,1057,Kavya,Mouse,Electronics,2,840.79,Bengaluru,Debit Card
1179,2025-08-09,1015,Ananya,Water Bottle,Accessories,5,448.8,Delhi,UPI
1180,2025-04-23,1051,Keerthi,Laptop,Electronics,1,51748.65,Mumbai,Credit Card
1181,2025-05-11,1038,Sanjay,Smartphone,Electronics,1,24986.93,Pune,Credit Card
1182,2025-03-08,1049,Divya,Shoes,Fashion,2,3200.17,Coimbatore,UPI
1183,2025-07-23,1095,Diya,Study Table,Furniture,1,8431.58,Bengaluru,Debit Card
1184,2025-10-22,1055,Akash,Study Table,Furniture,4,8142.18,Pune,UPI
1185,2025-06-16,1022,Keerthi,Notebook,Stationery,3,110.12,Bengaluru,Credit Card
1186,2025-08-12,1076,Harish,Pen Pack,Stationery,1,78.33,Delhi,Debit Card
1187,2025-04-24,1043,Sneha,Smartphone,Electronics,5,25666.12,Mumbai,Debit Card
1188,2025-06-29,1094,Rahul,Keyboard,Electronics,1,1115.15,Mumbai,Credit Card
1189,2025-11-05,1020,Karthik,Headphones,Electronics,4,2481.98,Kochi,Debit Card
1190,2025-11-18,1041,Rahul,Notebook,Stationery,1,119.25,Delhi,Debit Card
1191,2025-10-30,1008,Nisha,Pen Pack,Stationery,1,76.97,Kochi,UPI
1192,2025-01-30,1048,Ananya,Smartphone,Electronics,1,25575.04,Pune,Cash
1193,2025-10-25,1071,Diya,Notebook,Stationery,5,123.64,Coimbatore,Cash
1194,2025-09-14,1020,Diya,Notebook,Stationery,1,127.46,Coimbatore,UPI
1195,2025-09-16,1083,Sneha,Laptop,Electronics,2,57283.84,Kochi,Credit Card
1196,2025-07-06,1048,Ananya,Study Table,Furniture,4,8966.59,Chennai,Debit Card
1197,2025-02-03,1043,Meera,Pen Pack,Stationery,4,76.55,Hyderabad,Debit Card
1198,2025-02-11,1075,Rahul,Coffee Mug,Home,3,336.72,Pune,Credit Card
1199,2025-11-01,1091,Karthik,Mouse,Electronics,5,780.27,Coimbatore,Credit Card
1200,2025-12-10,1090,Manoj,Smartphone,Electronics,4,25042.44,Chennai,Debit Card
1201,2025-06-08,1024,Arjun,Office Chair,Furniture,4,6099.61,Hyderabad,Credit Card
1202,2025-02-09,1038,Meera,Pen Pack,Stationery,5,85.36,Chennai,Debit Card
1203,2025-11-13,1017,Keerthi,Study Table,Furniture,2,7925.82,Hyderabad,Cash
1204,2025-01-23,1053,Nisha,Water Bottle,Accessories,2,492.26,Delhi,Cash
1205,2025-04-30,1069,Priya,Mouse,Electronics,4,864.64,Mumbai,Debit Card
1206,2025-12-14,1074,Rohit,Notebook,Stationery,3,126.67,Pune,Credit Card
1207,2025-04-13,1078,Rahul,Jeans,Fashion,3,1638.78,Kochi,Debit Card
1208,2025-10-11,1014,Manoj,Jeans,Fashion,1,1722.62,Hyderabad,Debit Card
1209,2025-08-19,1066,Rahul,Jeans,Fashion,4,1653.02,Mumbai,Cash
1210,2025-06-28,1004,Kavya,Laptop,Electronics,4,55022.08,Mumbai,Cash
1211,2025-02-11,1048,Priya,Laptop,Electronics,3,59739.08,Coimbatore,Credit Card
1212,2025-03-12,1005,Ananya,Coffee Mug,Home,4,363.73,Hyderabad,Cash
1213,2025-08-18,1079,Aarav,Coffee Mug,Home,1,316.33,Mumbai,Credit Card
1214,2025-10-08,1094,Keerthi,Pen Pack,Stationery,4,73.78,Delhi,Credit Card
1215,2025-06-04,1016,Diya,Keyboard,Electronics,4,1233.35,Kochi,UPI
1216,2025-02-26,1064,Keerthi,Pen Pack,Stationery,1,82.11,Mumbai,Credit Card
1217,2025-05-30,1055,Aarav,Backpack,Accessories,3,1706.6,Pune,Credit Card
1218,2025-12-07,1086,Karthik,Pen Pack,Stationery,3,73.08,Chennai,Cash
1219,2025-08-29,1006,Harish,Office Chair,Furniture,3,6821.51,Coimbatore,UPI
1220,2025-06-26,1031,Meera,T-Shirt,Fashion,5,942.33,Coimbatore,Credit Card
1221,2025-01-23,1046,Divya,Office Chair,Furniture,2,6929.5,Kochi,Cash
1222,2025-11-20,1024,Rahul,Smartphone,Electronics,4,22684.92,Mumbai,UPI
1223,2025-04-13,1006,Sanjay,Coffee Mug,Home,3,351.08,Kochi,Debit Card
1224,2025-01-19,1097,Arjun,Mouse,Electronics,3,857.94,Chennai,Debit Card
1225,2025-05-20,1016,Nisha,Study Table,Furniture,4,8913.62,Pune,Debit Card
1226,2025-04-06,1064,Aisha,Office Chair,Furniture,5,6196.74,Bengaluru,Cash
1227,2025-02-10,1056,Keerthi,Jeans,Fashion,2,1816.37,Coimbatore,UPI
1228,2025-02-10,1042,Ananya,Mouse,Electronics,4,816.42,Pune,Credit Card
1229,2025-12-20,1057,Nisha,Notebook,Stationery,1,125.44,Coimbatore,Cash
1230,2025-05-21,1082,Diya,Smartphone,Electronics,4,24316.56,Hyderabad,UPI
1231,2025-03-15,1078,Rohit,Laptop,Electronics,2,50239.57,Coimbatore,Debit Card
1232,2025-07-16,1073,Diya,Backpack,Accessories,2,1864.46,Coimbatore,Debit Card
1233,2025-08-16,1098,Karthik,Backpack,Accessories,2,1810.61,Pune,Debit Card
1234,2025-11-29,1036,Priya,Smartphone,Electronics,1,26178.37,Kochi,Cash
1235,2025-10-15,1016,Vikram,T-Shirt,Fashion,3,936.73,Mumbai,Debit Card
1236,2025-12-22,1063,Arjun,Smartphone,Electronics,2,26764.13,Kochi,Credit Card
1237,2025-08-16,1012,Sanjay,Water Bottle,Accessories,3,468.86,Delhi,Debit Card
1238,2025-03-22,1092,Sneha,T-Shirt,Fashion,3,901.58,Bengaluru,Credit Card
1239,2025-03-13,1031,Aisha,Laptop,Electronics,3,55594.24,Coimbatore,Cash
1240,2025-10-10,1017,Keerthi,Coffee Mug,Home,1,319.6,Pune,Cash
1241,2025-09-27,1053,Kavya,Jeans,Fashion,5,1646.55,Coimbatore,UPI
1242,2025-08-19,1060,Manoj,Office Chair,Furniture,2,6991.35,Hyderabad,Credit Card
1243,2025-08-10,1065,Diya,Jeans,Fashion,1,1806.52,Delhi,Credit Card
1244,2025-03-24,1042,Priya,Office Chair,Furniture,5,7013.4,Bengaluru,Debit Card
1245,2025-04-11,1082,Divya,Mouse,Electronics,2,820,Bengaluru,Credit Card
1246,2025-10-31,1075,Rahul,Headphones,Electronics,5,2610.32,Coimbatore,UPI
1247,2025-01-15,1011,Diya,Water Bottle,Accessories,5,428.82,Mumbai,Cash
1248,2025-11-13,1082,Aarav,Notebook,Stationery,5,114.95,Delhi,Cash
1249,2025-05-06,1088,Harish,Mouse,Electronics,4,731.68,Chennai,Credit Card
1250,2025-08-14,1054,Aisha,Notebook,Stationery,2,116.16,Hyderabad,Debit Card
1251,2025-06-13,1094,Nisha,Study Table,Furniture,2,8943.13,Bengaluru,Debit Card
1252,2025-05-04,1060,Meera,Mouse,Electronics,4,759.67,Bengaluru,UPI
1253,2025-05-29,1050,Keerthi,Study Table,Furniture,2,9286.57,Hyderabad,Debit Card
1254,2025-10-23,1093,Sanjay,Keyboard,Electronics,2,1199.58,Kochi,Cash
1255,2025-06-07,1064,Aarav,Smartphone,Electronics,4,25027.22,Mumbai,Credit Card
1256,2025-10-26,1046,Diya,Laptop,Electronics,3,54943.84,Kochi,Debit Card
1257,2025-10-02,1002,Meera,Study Table,Furniture,2,9150.17,Coimbatore,Cash
1258,2025-07-07,1006,Harish,Laptop,Electronics,5,55679.99,Coimbatore,Debit Card
1259,2025-02-07,1050,Manoj,Notebook,Stationery,5,114.71,Bengaluru,Credit Card
1260,2025-02-19,1051,Nisha,T-Shirt,Fashion,3,910.41,Coimbatore,Credit Card
1261,2025-04-12,1078,Manoj,Study Table,Furniture,5,7718.43,Chennai,Credit Card
1262,2025-06-20,1061,Manoj,Notebook,Stationery,2,122.55,Hyderabad,Debit Card
1263,2025-11-10,1041,Sneha,Study Table,Furniture,5,8906.84,Delhi,Debit Card
1264,2025-09-17,1066,Divya,Notebook,Stationery,5,115.19,Chennai,Debit Card
1265,2025-06-19,1087,Meera,Study Table,Furniture,5,8173.05,Chennai,Cash
1266,2025-05-16,1084,Akash,Backpack,Accessories,2,1879.7,Kochi,Credit Card
1267,2025-09-26,1081,Keerthi,T-Shirt,Fashion,4,836.6,Mumbai,UPI
1268,2025-10-21,1090,Meera,Keyboard,Electronics,1,1185.85,Pune,Credit Card
1269,2025-07-31,1089,Arjun,Study Table,Furniture,5,8967.45,Kochi,UPI
1270,2025-12-28,1018,Manoj,Keyboard,Electronics,5,1158.01,Kochi,Cash
1271,2025-06-10,1023,Rohit,Coffee Mug,Home,5,338.96,Coimbatore,Debit Card
1272,2025-11-09,1062,Arjun,Keyboard,Electronics,3,1213.94,Mumbai,Debit Card
1273,2025-05-28,1091,Arjun,Shoes,Fashion,4,3082.91,Coimbatore,Debit Card
1274,2025-05-28,1016,Akash,Water Bottle,Accessories,5,439.17,Pune,Debit Card
1275,2025-03-16,1038,Diya,Mouse,Electronics,1,775.42,Kochi,Debit Card
1276,2025-09-03,1028,Arjun,Jeans,Fashion,5,1717.61,Delhi,Credit Card
1277,2025-02-25,1079,Akash,Keyboard,Electronics,2,1092.18,Mumbai,Credit Card
1278,2025-01-27,1013,Kavya,Office Chair,Furniture,4,5980.71,Hyderabad,UPI
1279,2025-10-09,1021,Kavya,Water Bottle,Accessories,4,447.97,Mumbai,Debit Card
1280,2025-06-14,1037,Diya,Coffee Mug,Home,1,360.66,Mumbai,UPI
1281,2025-03-31,1054,Sneha,Coffee Mug,Home,1,384.8,Pune,Cash
1282,2025-04-06,1096,Ananya,Coffee Mug,Home,1,315.65,Bengaluru,Debit Card
1283,2025-05-26,1059,Divya,Pen Pack,Stationery,4,86.23,Hyderabad,Cash
1284,2025-05-20,1025,Meera,Office Chair,Furniture,2,6800.46,Delhi,Credit Card
1285,2025-01-08,1095,Sanjay,T-Shirt,Fashion,3,912.2,Mumbai,Credit Card
1286,2025-11-09,1082,Harish,Jeans,Fashion,4,1805.5,Bengaluru,Cash
1287,2025-12-09,1013,Sneha,Headphones,Electronics,4,2411.8,Mumbai,UPI
1288,2025-05-14,1050,Priya,Notebook,Stationery,3,130.9,Delhi,UPI
1289,2025-05-14,1084,Nisha,Shoes,Fashion,2,2919.76,Bengaluru,Cash
1290,2025-06-07,1021,Harish,Water Bottle,Accessories,5,488.08,Delhi,UPI
1291,2025-11-24,1038,Nisha,Backpack,Accessories,2,1698.89,Hyderabad,Cash
1292,2025-03-20,1059,Keerthi,Office Chair,Furniture,4,6762.52,Kochi,Credit Card
1293,2025-05-07,1088,Keerthi,Jeans,Fashion,1,1809.18,Coimbatore,UPI
1294,2025-10-16,1015,Diya,Jeans,Fashion,5,1945.04,Mumbai,Credit Card
1295,2025-03-26,1042,Manoj,Notebook,Stationery,1,124.33,Kochi,UPI
1296,2025-09-19,1058,Diya,Notebook,Stationery,2,120.32,Kochi,UPI
1297,2025-10-14,1060,Ananya,Shoes,Fashion,1,3133.41,Chennai,Credit Card
1298,2025-10-24,1010,Diya,Study Table,Furniture,3,8840.65,Chennai,UPI
1299,2025-08-30,1005,Ananya,Study Table,Furniture,2,8957.25,Pune,Debit Card
1300,2025-07-15,1058,Harish,Study Table,Furniture,1,8810.64,Hyderabad,Debit Card
1301,2025-03-02,1023,Divya,Study Table,Furniture,5,7866.49,Mumbai,UPI
1302,2025-01-12,1039,Rohit,Water Bottle,Accessories,5,443.17,Pune,Credit Card
1303,2025-05-07,1059,Nisha,Headphones,Electronics,3,2344.24,Bengaluru,UPI
1304,2025-12-05,1054,Keerthi,T-Shirt,Fashion,1,853.32,Bengaluru,UPI
1305,2025-11-01,1005,Rohit,Backpack,Accessories,1,1708.1,Chennai,Cash
1306,2025-08-13,1030,Divya,Keyboard,Electronics,1,1113.63,Delhi,Credit Card
1307,2025-10-22,1041,Akash,Backpack,Accessories,3,1705.29,Hyderabad,Credit Card
1308,2025-07-31,1039,Vikram,Laptop,Electronics,5,59933.72,Hyderabad,Cash
1309,2025-10-12,1064,Diya,Office Chair,Furniture,4,6871.55,Coimbatore,Cash
1310,2025-07-29,1020,Ananya,Study Table,Furniture,2,8932.51,Kochi,Credit Card
1311,2025-04-26,1039,Rahul,T-Shirt,Fashion,4,974.65,Pune,Cash
1312,2025-10-13,1068,Rahul,Study Table,Furniture,2,8083.49,Coimbatore,UPI
1313,2025-08-19,1048,Karthik,Pen Pack,Stationery,2,72.82,Pune,UPI
1314,2025-02-07,1025,Akash,Shoes,Fashion,5,3018.89,Mumbai,Debit Card
1315,2025-06-05,1002,Arjun,Coffee Mug,Home,2,382.35,Bengaluru,Cash
1316,2025-05-05,1090,Keerthi,Shoes,Fashion,2,3133.84,Mumbai,Debit Card
1317,2025-05-25,1049,Rohit,Pen Pack,Stationery,3,76.93,Coimbatore,Cash
1318,2025-08-27,1013,Aisha,T-Shirt,Fashion,3,974.58,Coimbatore,Debit Card
1319,2025-07-31,1006,Akash,Jeans,Fashion,2,1886.85,Chennai,Debit Card
1320,2025-10-11,1075,Akash,Shoes,Fashion,4,3068.92,Mumbai,Debit Card
1321,2025-04-28,1049,Akash,Jeans,Fashion,2,1799.75,Coimbatore,Debit Card
1322,2025-09-08,1093,Aisha,Notebook,Stationery,2,125.59,Coimbatore,Credit Card
1323,2025-03-13,1093,Divya,Notebook,Stationery,2,130.01,Chennai,UPI
1324,2025-02-08,1086,Diya,T-Shirt,Fashion,1,884.23,Mumbai,UPI
1325,2025-12-29,1020,Aarav,Keyboard,Electronics,5,1189.44,Chennai,Cash
1326,2025-12-04,1063,Aarav,Laptop,Electronics,5,55568.08,Chennai,UPI
1327,2025-09-29,1093,Vikram,Pen Pack,Stationery,3,72.27,Pune,Credit Card
1328,2025-02-24,1013,Manoj,Headphones,Electronics,2,2345.97,Delhi,Debit Card
1329,2025-05-17,1051,Karthik,Office Chair,Furniture,4,6446.7,Mumbai,Credit Card
1330,2025-06-03,1088,Karthik,Water Bottle,Accessories,1,413.42,Pune,Cash
1331,2025-10-10,1061,Diya,Water Bottle,Accessories,1,468.26,Bengaluru,Cash
1332,2025-08-11,1083,Sanjay,Backpack,Accessories,1,1942.12,Chennai,Credit Card
1333,2025-04-19,1089,Akash,Notebook,Stationery,3,109.12,Bengaluru,Debit Card
1334,2025-10-06,1073,Diya,Headphones,Electronics,3,2257.83,Mumbai,Credit Card
1335,2025-12-31,1051,Karthik,Mouse,Electronics,2,810.23,Pune,Debit Card
1336,2025-07-16,1097,Rahul,T-Shirt,Fashion,1,900.14,Coimbatore,UPI
1337,2025-02-20,1056,Priya,Jeans,Fashion,1,1742.61,Pune,Debit Card
1338,2025-01-16,1082,Vikram,T-Shirt,Fashion,4,898.31,Coimbatore,Cash
1339,2025-08-10,1024,Akash,Water Bottle,Accessories,4,412.71,Delhi,Credit Card
1340,2025-02-07,1011,Vikram,Headphones,Electronics,4,2605.84,Hyderabad,Cash
1341,2025-06-12,1047,Meera,Smartphone,Electronics,1,27214.8,Kochi,Debit Card
1342,2025-05-19,1014,Rahul,Smartphone,Electronics,2,24654.9,Pune,UPI
1343,2025-01-14,1012,Nisha,Pen Pack,Stationery,1,81.55,Coimbatore,Cash
1344,2025-01-07,1038,Kavya,Study Table,Furniture,1,8882.23,Mumbai,Credit Card
1345,2025-12-17,1049,Sneha,Headphones,Electronics,3,2400.57,Kochi,Credit Card
1346,2025-02-02,1022,Kavya,Mouse,Electronics,4,767.96,Bengaluru,Debit Card
1347,2025-05-09,1032,Aisha,Backpack,Accessories,5,1690.4,Bengaluru,Credit Card
1348,2025-06-05,1001,Harish,Office Chair,Furniture,5,6343.86,Coimbatore,Cash
1349,2025-06-21,1056,Keerthi,Headphones,Electronics,3,2410.33,Mumbai,Cash
1350,2025-06-10,1023,Harish,Office Chair,Furniture,3,6805.34,Kochi,Credit Card
1351,2025-06-16,1049,Vikram,Jeans,Fashion,4,1751.41,Mumbai,Credit Card
1352,2025-12-16,1099,Divya,Laptop,Electronics,4,59872.72,Mumbai,Cash
1353,2025-05-30,1089,Karthik,Jeans,Fashion,4,1862.27,Hyderabad,Debit Card
1354,2025-05-04,1033,Rahul,Shoes,Fashion,4,3385.01,Bengaluru,Cash
1355,2025-11-03,1062,Akash,Study Table,Furniture,5,8511.24,Pune,UPI
1356,2025-07-04,1090,Divya,Backpack,Accessories,1,1659.37,Mumbai,Debit Card
1357,2025-03-27,1083,Keerthi,Laptop,Electronics,5,60319.69,Pune,Debit Card
1358,2025-08-09,1014,Aarav,Smartphone,Electronics,3,23610.01,Mumbai,Cash
1359,2025-07-11,1051,Rohit,T-Shirt,Fashion,5,934.28,Hyderabad,Debit Card
1360,2025-01-13,1062,Meera,Mouse,Electronics,4,867.29,Bengaluru,UPI
1361,2025-03-14,1045,Ananya,Office Chair,Furniture,4,6869.55,Kochi,Debit Card
1362,2025-09-01,1013,Rohit,Shoes,Fashion,4,3084.1,Delhi,UPI
1363,2025-12-30,1015,Aarav,Jeans,Fashion,3,1853.27,Hyderabad,Credit Card
1364,2025-09-22,1023,Divya,Headphones,Electronics,3,2529.92,Kochi,Credit Card
1365,2025-07-27,1081,Sneha,Headphones,Electronics,4,2447.79,Mumbai,Cash
1366,2025-10-31,1055,Harish,Laptop,Electronics,2,51763.63,Bengaluru,UPI
1367,2025-10-02,1024,Nisha,Office Chair,Furniture,2,6444.82,Delhi,Cash
1368,2025-09-28,1082,Sanjay,Backpack,Accessories,4,1840.07,Bengaluru,Debit Card
1369,2025-06-30,1059,Keerthi,Headphones,Electronics,3,2709.34,Bengaluru,Credit Card
1370,2025-06-10,1016,Priya,Mouse,Electronics,1,749.29,Hyderabad,Cash
1371,2025-08-03,1077,Rahul,Backpack,Accessories,4,1772.29,Kochi,Credit Card
1372,2025-10-12,1022,Aisha,Mouse,Electronics,2,749.94,Kochi,UPI
1373,2025-07-03,1002,Aisha,Headphones,Electronics,2,2657.61,Kochi,Cash
1374,2025-12-17,1063,Kavya,Shoes,Fashion,4,3192.77,Bengaluru,UPI
1375,2025-04-23,1038,Diya,Mouse,Electronics,2,806.02,Hyderabad,Cash
1376,2025-10-17,1096,Aisha,Pen Pack,Stationery,5,73.81,Bengaluru,Debit Card
1377,2025-10-06,1047,Divya,Jeans,Fashion,1,1893.6,Kochi,Credit Card
1378,2025-08-06,1014,Priya,Mouse,Electronics,1,791.96,Coimbatore,UPI
1379,2025-08-13,1016,Priya,Keyboard,Electronics,5,1245.39,Pune,Credit Card
1380,2025-11-12,1018,Arjun,Jeans,Fashion,2,1909.96,Coimbatore,Debit Card
1381,2025-11-02,1069,Sneha,Office Chair,Furniture,3,6226.13,Delhi,UPI
1382,2025-03-11,1097,Kavya,Coffee Mug,Home,1,384.47,Hyderabad,Credit Card
1383,2025-05-08,1019,Sanjay,Jeans,Fashion,2,1894.13,Pune,Cash
1384,2025-03-14,1074,Vikram,Water Bottle,Accessories,4,438.77,Bengaluru,UPI
1385,2025-07-26,1066,Vikram,Shoes,Fashion,3,3171.01,Kochi,Debit Card
1386,2025-10-25,1001,Karthik,Shoes,Fashion,4,3286.3,Coimbatore,UPI
1387,2025-10-01,1051,Arjun,Study Table,Furniture,2,8491.02,Coimbatore,Debit Card
1388,2025-06-22,1071,Akash,Headphones,Electronics,5,2676.21,Coimbatore,UPI
1389,2025-01-24,1013,Rohit,Laptop,Electronics,1,59723.76,Hyderabad,Cash
1390,2025-08-22,1001,Kavya,Keyboard,Electronics,2,1291.72,Delhi,Credit Card
1391,2025-05-21,1012,Nisha,Mouse,Electronics,1,779.5,Hyderabad,UPI
1392,2025-07-22,1081,Ananya,Shoes,Fashion,2,3154.71,Bengaluru,UPI
1393,2025-01-01,1028,Aisha,Smartphone,Electronics,2,25468.4,Kochi,UPI
1394,2025-01-05,1090,Sanjay,Jeans,Fashion,1,1975.74,Pune,Credit Card
1395,2025-09-02,1010,Priya,Study Table,Furniture,1,8892.3,Bengaluru,UPI
1396,2025-06-10,1048,Ananya,Headphones,Electronics,4,2636.73,Hyderabad,Credit Card
1397,2025-02-05,1068,Akash,Laptop,Electronics,5,56650.22,Kochi,Debit Card
1398,2025-04-20,1081,Rahul,Coffee Mug,Home,4,358.13,Kochi,Credit Card
1399,2025-02-14,1013,Rahul,T-Shirt,Fashion,1,916.12,Pune,Debit Card
1400,2025-08-08,1041,Rahul,Keyboard,Electronics,3,1234.71,Mumbai,Debit Card
1401,2025-12-20,1004,Ananya,Keyboard,Electronics,5,1225.66,Mumbai,Cash
1402,2025-06-01,1083,Diya,T-Shirt,Fashion,2,899.08,Bengaluru,Credit Card
1403,2025-09-13,1082,Keerthi,Smartphone,Electronics,5,26943.62,Chennai,Debit Card
1404,2025-06-12,1017,Harish,Jeans,Fashion,5,1771.51,Hyderabad,Cash
1405,2025-02-07,1003,Akash,Smartphone,Electronics,1,23810.93,Chennai,UPI
1406,2025-07-23,1065,Ananya,Water Bottle,Accessories,5,474.04,Pune,Cash
1407,2025-02-12,1082,Divya,Pen Pack,Stationery,5,74.44,Bengaluru,Debit Card
1408,2025-02-10,1066,Arjun,T-Shirt,Fashion,2,906.55,Pune,UPI
1409,2025-06-08,1090,Kavya,Shoes,Fashion,2,2917.06,Bengaluru,Cash
1410,2025-03-01,1059,Keerthi,Backpack,Accessories,1,1731.34,Hyderabad,UPI
1411,2025-01-07,1091,Rahul,Shoes,Fashion,1,2984.85,Coimbatore,Debit Card
1412,2025-03-27,1048,Rahul,Shoes,Fashion,3,3349.08,Bengaluru,UPI
1413,2025-06-21,1055,Vikram,Pen Pack,Stationery,1,76.21,Bengaluru,Cash
1414,2025-08-22,1066,Nisha,Laptop,Electronics,4,58952.96,Hyderabad,Debit Card
1415,2025-03-22,1033,Meera,Coffee Mug,Home,5,362.19,Bengaluru,Credit Card
1416,2025-09-18,1001,Diya,Jeans,Fashion,1,1708.04,Kochi,Debit Card
1417,2025-07-16,1020,Sneha,Coffee Mug,Home,1,353.7,Pune,Credit Card
1418,2025-06-14,1032,Kavya,Coffee Mug,Home,3,333.99,Bengaluru,Debit Card
1419,2025-03-03,1065,Diya,Headphones,Electronics,2,2652.17,Chennai,Cash
1420,2025-02-05,1060,Ananya,T-Shirt,Fashion,3,868.91,Kochi,UPI
1421,2025-07-08,1026,Ananya,Backpack,Accessories,3,1886.25,Mumbai,Cash
1422,2025-07-08,1076,Aisha,T-Shirt,Fashion,2,941.84,Mumbai,Credit Card
1423,2025-01-04,1053,Aarav,Keyboard,Electronics,5,1163.14,Chennai,Debit Card
1424,2025-01-01,1098,Harish,Jeans,Fashion,3,1657.42,Mumbai,Cash
1425,2025-09-09,1008,Rahul,Shoes,Fashion,3,2939.54,Mumbai,Cash
1426,2025-12-25,1048,Rohit,Shoes,Fashion,1,3251.69,Hyderabad,Cash
1427,2025-02-08,1076,Akash,Laptop,Electronics,4,56786.88,Hyderabad,Credit Card
1428,2025-05-30,1034,Sanjay,Coffee Mug,Home,4,364.05,Coimbatore,Debit Card
1429,2025-08-20,1035,Priya,Smartphone,Electronics,2,23180.56,Bengaluru,Credit Card
1430,2025-02-24,1022,Rohit,Notebook,Stationery,3,117.76,Coimbatore,Credit Card
1431,2025-08-20,1040,Rohit,Mouse,Electronics,1,734.47,Delhi,UPI
1432,2025-04-21,1042,Rahul,Smartphone,Electronics,2,27342,Pune,UPI
1433,2025-12-13,1039,Vikram,Jeans,Fashion,2,1631.19,Pune,Cash
1434,2025-10-12,1096,Divya,Keyboard,Electronics,1,1190.89,Hyderabad,UPI
1435,2025-01-07,1008,Priya,Headphones,Electronics,2,2661.84,Coimbatore,UPI
1436,2025-10-26,1076,Vikram,Coffee Mug,Home,1,316.53,Bengaluru,Credit Card
1437,2025-11-27,1057,Rahul,Smartphone,Electronics,3,23112.64,Kochi,UPI
1438,2025-03-28,1074,Kavya,Jeans,Fashion,4,1798.61,Pune,Cash
1439,2025-03-30,1046,Arjun,Coffee Mug,Home,2,334.25,Kochi,Credit Card
1440,2025-01-18,1079,Keerthi,Backpack,Accessories,2,1853.02,Kochi,Cash
1441,2025-10-09,1062,Diya,Smartphone,Electronics,3,24415.08,Pune,Credit Card
1442,2025-11-26,1068,Priya,Water Bottle,Accessories,5,476.54,Pune,Debit Card
1443,2025-09-03,1070,Aisha,Office Chair,Furniture,5,6503.11,Pune,Debit Card
1444,2025-04-03,1004,Sanjay,Backpack,Accessories,2,1630.55,Delhi,UPI
1445,2025-08-30,1068,Nisha,T-Shirt,Fashion,5,989.93,Hyderabad,UPI
1446,2025-05-07,1085,Priya,Mouse,Electronics,5,850.61,Chennai,Credit Card
1447,2025-10-22,1050,Nisha,Coffee Mug,Home,2,327.33,Coimbatore,Debit Card
1448,2025-10-30,1004,Nisha,Backpack,Accessories,5,1671.16,Mumbai,Cash
1449,2025-10-05,1040,Sneha,Notebook,Stationery,1,110.17,Mumbai,Credit Card
1450,2025-01-11,1068,Aisha,Laptop,Electronics,3,59596.86,Mumbai,Credit Card
1451,2025-06-24,1092,Sneha,Coffee Mug,Home,3,319.17,Hyderabad,Credit Card
1452,2025-02-26,1068,Nisha,Smartphone,Electronics,3,26022.69,Pune,UPI
1453,2025-06-22,1039,Sanjay,Headphones,Electronics,2,2616.18,Pune,Cash
1454,2025-11-29,1041,Sneha,Shoes,Fashion,5,3323.88,Coimbatore,Credit Card
1455,2025-12-07,1076,Sneha,Study Table,Furniture,3,8897.79,Delhi,Credit Card
1456,2025-04-01,1094,Aarav,Shoes,Fashion,5,3130.62,Chennai,Credit Card
1457,2025-11-05,1041,Keerthi,Keyboard,Electronics,5,1104.99,Kochi,Credit Card
1458,2025-06-19,1096,Karthik,Keyboard,Electronics,3,1315.77,Hyderabad,UPI
1459,2025-12-29,1086,Sanjay,Notebook,Stationery,1,114.37,Mumbai,UPI
1460,2025-06-29,1033,Meera,Shoes,Fashion,1,2910.81,Kochi,Cash
1461,2025-03-27,1053,Aisha,Coffee Mug,Home,4,339.59,Pune,UPI
1462,2025-09-03,1074,Priya,Headphones,Electronics,4,2286.85,Chennai,Debit Card
1463,2025-01-11,1041,Vikram,Smartphone,Electronics,1,24209.04,Pune,Credit Card
1464,2025-02-08,1071,Karthik,Office Chair,Furniture,5,7130.86,Kochi,UPI
1465,2025-08-09,1084,Sneha,Backpack,Accessories,4,1676.56,Bengaluru,Debit Card
1466,2025-04-16,1025,Kavya,Shoes,Fashion,5,3342.1,Delhi,Debit Card
1467,2025-06-02,1031,Meera,Laptop,Electronics,4,55789.47,Kochi,Credit Card
1468,2025-01-28,1047,Aarav,Study Table,Furniture,1,8150.73,Kochi,Credit Card
1469,2025-02-19,1004,Arjun,Headphones,Electronics,3,2738.53,Kochi,UPI
1470,2025-06-07,1051,Aisha,Notebook,Stationery,3,110.19,Pune,Credit Card
1471,2025-07-09,1049,Nisha,Headphones,Electronics,4,2272.31,Kochi,Cash
1472,2025-05-15,1029,Vikram,Backpack,Accessories,1,1674.41,Bengaluru,UPI
1473,2025-12-09,1045,Divya,Study Table,Furniture,5,8036.77,Chennai,Cash
1474,2025-09-25,1054,Divya,Water Bottle,Accessories,4,456.54,Mumbai,Cash
1475,2025-06-03,1011,Harish,Coffee Mug,Home,1,350.15,Hyderabad,UPI
1476,2025-08-18,1023,Sneha,Keyboard,Electronics,2,1110.28,Pune,UPI
1477,2025-12-16,1056,Arjun,Jeans,Fashion,2,1920.28,Delhi,Debit Card
1478,2025-02-04,1012,Harish,Pen Pack,Stationery,4,80.83,Delhi,Cash
1479,2025-01-07,1090,Keerthi,Backpack,Accessories,5,1901.41,Bengaluru,Cash
1480,2025-03-18,1019,Akash,Backpack,Accessories,5,1893.02,Bengaluru,UPI
1481,2025-10-16,1100,Meera,T-Shirt,Fashion,3,966.15,Coimbatore,Cash
1482,2025-05-16,1050,Aisha,Backpack,Accessories,5,1790.3,Hyderabad,Debit Card
1483,2025-07-26,1019,Keerthi,Backpack,Accessories,4,1633.96,Coimbatore,Credit Card
1484,2025-01-26,1096,Aisha,Coffee Mug,Home,3,377.79,Chennai,Debit Card
1485,2025-06-05,1040,Vikram,Jeans,Fashion,4,1928.96,Bengaluru,Credit Card
1486,2025-03-10,1039,Rohit,T-Shirt,Fashion,3,858.5,Pune,UPI
1487,2025-04-07,1057,Arjun,Coffee Mug,Home,4,366.87,Coimbatore,UPI
1488,2025-09-21,1021,Karthik,Mouse,Electronics,5,784.54,Chennai,Credit Card
1489,2025-04-09,1026,Diya,Keyboard,Electronics,1,1189.55,Coimbatore,Credit Card
1490,2025-05-21,1048,Rohit,Pen Pack,Stationery,4,82.17,Bengaluru,UPI
1491,2025-05-04,1048,Aisha,Backpack,Accessories,4,1683.93,Kochi,Debit Card
1492,2025-06-26,1021,Vikram,Shoes,Fashion,1,3062.44,Pune,UPI
1493,2025-03-25,1074,Arjun,Jeans,Fashion,2,1853.06,Mumbai,Debit Card
1494,2025-11-30,1053,Manoj,Laptop,Electronics,1,54715.07,Hyderabad,Credit Card
1495,2025-11-04,1002,Priya,Mouse,Electronics,5,848.81,Delhi,Debit Card
1496,2025-08-05,1049,Nisha,Notebook,Stationery,3,113.24,Delhi,Cash
1497,2025-10-27,1014,Aarav,Pen Pack,Stationery,3,80.98,Delhi,Debit Card
1498,2025-12-17,1014,Aisha,Smartphone,Electronics,3,27441.8,Coimbatore,Debit Card
1499,2025-05-14,1084,Ananya,Keyboard,Electronics,2,1204.15,Mumbai,UPI
1500,2025-11-04,1052,Sanjay,Water Bottle,Accessories,2,469.92,Kochi,Debit Card
1501,2025-05-13,1054,Harish,Study Table,Furniture,1,8641.14,Mumbai,Debit Card
1502,2025-04-24,1088,Divya,Water Bottle,Accessories,4,486.59,Coimbatore,Debit Card
1503,2025-03-29,1085,Divya,Headphones,Electronics,3,2298.8,Hyderabad,Debit Card
1504,2025-10-14,1098,Sneha,Water Bottle,Accessories,3,463.9,Mumbai,Debit Card
1505,2025-04-25,1096,Ananya,Study Table,Furniture,3,8281.86,Delhi,Cash
1506,2025-03-02,1061,Diya,Jeans,Fashion,5,1828.91,Bengaluru,Cash
1507,2025-04-10,1065,Meera,Jeans,Fashion,4,1810.74,Pune,UPI
1508,2025-03-19,1018,Arjun,Office Chair,Furniture,4,7133.35,Kochi,Credit Card
1509,2025-06-11,1092,Sneha,T-Shirt,Fashion,1,897.76,Hyderabad,Debit Card
1510,2025-11-21,1008,Aarav,Notebook,Stationery,3,113.03,Hyderabad,Credit Card
1511,2025-09-08,1098,Karthik,Headphones,Electronics,5,2466.86,Pune,Cash
1512,2025-08-08,1062,Harish,Laptop,Electronics,1,55371.61,Coimbatore,UPI
1513,2025-06-14,1097,Manoj,Keyboard,Electronics,1,1242.42,Mumbai,Credit Card
1514,2025-12-22,1045,Ananya,Headphones,Electronics,1,2441.78,Delhi,Credit Card
1515,2025-02-03,1006,Ananya,Mouse,Electronics,4,836.45,Coimbatore,Cash
1516,2025-12-18,1018,Sanjay,Coffee Mug,Home,4,340.15,Mumbai,Credit Card
1517,2025-07-26,1003,Priya,Keyboard,Electronics,2,1130.69,Chennai,Credit Card
1518,2025-03-05,1047,Diya,Study Table,Furniture,3,8961.12,Chennai,UPI
1519,2025-12-05,1014,Aarav,Laptop,Electronics,1,54084.53,Pune,UPI
1520,2025-10-08,1033,Aisha,Shoes,Fashion,2,3011.52,Chennai,Debit Card
1521,2025-08-04,1085,Meera,Water Bottle,Accessories,5,429.3,Hyderabad,Cash
1522,2025-02-23,1066,Keerthi,Smartphone,Electronics,3,23070.06,Bengaluru,Cash
1523,2025-04-12,1078,Arjun,T-Shirt,Fashion,3,959.67,Mumbai,Debit Card
1524,2025-12-27,1053,Ananya,Headphones,Electronics,1,2524.07,Mumbai,Cash
1525,2025-06-19,1031,Aarav,Laptop,Electronics,1,59475.68,Kochi,Credit Card
1526,2025-02-16,1100,Manoj,Smartphone,Electronics,1,27023.9,Mumbai,Cash
1527,2025-06-01,1034,Rohit,Laptop,Electronics,1,58444.96,Chennai,Debit Card
1528,2025-07-04,1087,Sanjay,Study Table,Furniture,1,7811.5,Chennai,UPI
1529,2025-03-12,1085,Sneha,Office Chair,Furniture,3,7012.89,Delhi,UPI
1530,2025-07-10,1044,Sneha,Smartphone,Electronics,4,24501.25,Kochi,Debit Card
1531,2025-07-17,1089,Aisha,T-Shirt,Fashion,4,926.79,Hyderabad,UPI
1532,2025-03-09,1090,Diya,Jeans,Fashion,2,1657.34,Kochi,Cash
1533,2025-04-03,1079,Harish,T-Shirt,Fashion,3,920.04,Hyderabad,Cash
1534,2025-09-07,1015,Kavya,Notebook,Stationery,1,109.52,Coimbatore,UPI
1535,2025-12-27,1087,Manoj,T-Shirt,Fashion,5,940.28,Mumbai,Debit Card
1536,2025-09-23,1067,Keerthi,Smartphone,Electronics,4,25808.57,Mumbai,Cash
1537,2025-06-27,1085,Harish,Headphones,Electronics,5,2696.03,Chennai,UPI
1538,2025-11-26,1021,Manoj,Jeans,Fashion,4,1926.67,Hyderabad,UPI
1539,2025-09-09,1042,Priya,Office Chair,Furniture,3,5915.46,Mumbai,Cash
1540,2025-07-26,1031,Karthik,Notebook,Stationery,4,127.23,Kochi,UPI
1541,2025-09-13,1058,Sanjay,Smartphone,Electronics,4,26226.19,Chennai,UPI
1542,2025-07-26,1053,Diya,Pen Pack,Stationery,5,72,Bengaluru,Debit Card
1543,2025-09-18,1072,Arjun,Water Bottle,Accessories,4,490.53,Coimbatore,UPI
1544,2025-04-25,1059,Sanjay,Pen Pack,Stationery,5,81.6,Coimbatore,Cash
1545,2025-02-28,1013,Priya,Laptop,Electronics,3,53406.53,Delhi,Debit Card
1546,2025-12-26,1014,Diya,Coffee Mug,Home,2,349.47,Pune,UPI
1547,2025-05-11,1079,Arjun,Keyboard,Electronics,1,1303.25,Pune,Credit Card
1548,2025-08-23,1025,Sanjay,Smartphone,Electronics,4,22732.5,Bengaluru,Cash
1549,2025-08-23,1085,Akash,Pen Pack,Stationery,2,87.42,Chennai,UPI
1550,2025-10-11,1056,Akash,Notebook,Stationery,5,126.75,Hyderabad,Credit Card
1551,2025-03-07,1014,Harish,Water Bottle,Accessories,5,459.55,Coimbatore,Cash
1552,2025-08-03,1078,Priya,Mouse,Electronics,4,874.17,Delhi,Cash
1553,2025-03-10,1018,Kavya,Backpack,Accessories,5,1727.61,Coimbatore,Credit Card
1554,2025-04-13,1027,Keerthi,Shoes,Fashion,3,3319.43,Hyderabad,Credit Card
1555,2025-09-15,1070,Sanjay,Shoes,Fashion,1,3366.9,Kochi,Cash
1556,2025-12-12,1096,Divya,Mouse,Electronics,4,849.33,Bengaluru,UPI
1557,2025-07-15,1019,Diya,Water Bottle,Accessories,1,422.99,Hyderabad,Debit Card
1558,2025-12-16,1033,Rahul,Jeans,Fashion,1,1868.61,Delhi,Credit Card
1559,2025-10-05,1005,Nisha,Jeans,Fashion,4,1656.89,Mumbai,Cash
1560,2025-05-02,1066,Ananya,Shoes,Fashion,1,3472.95,Pune,Cash
1561,2025-12-17,1041,Divya,Laptop,Electronics,1,57680.37,Mumbai,Cash
1562,2025-04-26,1082,Nisha,T-Shirt,Fashion,5,908.39,Mumbai,Credit Card
1563,2025-05-31,1058,Sneha,Water Bottle,Accessories,1,421.83,Hyderabad,UPI
1564,2025-07-13,1006,Kavya,Mouse,Electronics,5,762.28,Hyderabad,Debit Card
1565,2025-01-03,1043,Rohit,Shoes,Fashion,2,2905.56,Coimbatore,UPI
1566,2025-11-17,1079,Ananya,Notebook,Stationery,5,121.2,Bengaluru,Debit Card
1567,2025-09-27,1029,Sneha,Pen Pack,Stationery,1,84.58,Hyderabad,Cash
1568,2025-10-06,1069,Harish,Smartphone,Electronics,3,23605.99,Mumbai,Debit Card
1569,2025-06-19,1047,Ananya,Keyboard,Electronics,5,1207.32,Chennai,UPI
1570,2025-12-09,1045,Rohit,Keyboard,Electronics,5,1300.47,Mumbai,UPI
1571,2025-12-16,1042,Harish,Coffee Mug,Home,1,342.01,Delhi,UPI
1572,2025-09-22,1099,Nisha,Pen Pack,Stationery,5,79.13,Chennai,Debit Card
1573,2025-11-30,1025,Sanjay,Pen Pack,Stationery,1,87.17,Hyderabad,UPI
1574,2025-11-17,1009,Arjun,Water Bottle,Accessories,2,482.85,Pune,UPI
1575,2025-04-16,1069,Kavya,Water Bottle,Accessories,1,472.22,Hyderabad,UPI
1576,2025-08-24,1092,Sanjay,Laptop,Electronics,1,50305.73,Hyderabad,Debit Card
1577,2025-10-13,1010,Akash,Jeans,Fashion,2,1947.96,Pune,Cash
1578,2025-08-19,1081,Harish,Study Table,Furniture,3,7678.71,Bengaluru,UPI
1579,2025-11-25,1093,Keerthi,Smartphone,Electronics,5,22727.58,Bengaluru,Debit Card
1580,2025-09-15,1014,Ananya,T-Shirt,Fashion,3,919.18,Delhi,Cash
1581,2025-07-15,1051,Aarav,Notebook,Stationery,2,120.8,Hyderabad,Cash
1582,2025-10-07,1038,Rahul,Mouse,Electronics,3,873.18,Chennai,Credit Card
1583,2025-03-05,1006,Aarav,Backpack,Accessories,5,1761.87,Bengaluru,Debit Card
1584,2025-04-18,1096,Nisha,Keyboard,Electronics,4,1297.35,Hyderabad,Credit Card
1585,2025-04-05,1029,Keerthi,Jeans,Fashion,3,1689.96,Hyderabad,UPI
1586,2025-10-09,1060,Divya,Smartphone,Electronics,3,25858.43,Delhi,UPI
1587,2025-04-12,1093,Akash,Notebook,Stationery,3,116.57,Mumbai,UPI
1588,2025-05-26,1080,Karthik,Coffee Mug,Home,2,337.25,Kochi,Debit Card
1589,2025-11-12,1085,Ananya,Shoes,Fashion,5,2977.53,Coimbatore,Debit Card
1590,2025-08-08,1022,Aarav,Office Chair,Furniture,2,6871.36,Pune,Debit Card
1591,2025-07-04,1018,Sanjay,Coffee Mug,Home,4,347.4,Coimbatore,Debit Card
1592,2025-09-07,1071,Meera,Headphones,Electronics,5,2290.99,Delhi,Credit Card
1593,2025-10-03,1026,Vikram,Shoes,Fashion,1,3345.55,Chennai,UPI
1594,2025-10-25,1075,Harish,T-Shirt,Fashion,5,848.3,Chennai,Debit Card
1595,2025-10-06,1070,Aisha,Water Bottle,Accessories,2,437.92,Mumbai,Debit Card
1596,2025-03-10,1060,Manoj,Pen Pack,Stationery,1,78.35,Chennai,Credit Card
1597,2025-11-11,1088,Sneha,T-Shirt,Fashion,5,835.27,Hyderabad,Credit Card
1598,2025-10-17,1073,Rahul,Shoes,Fashion,4,3481.07,Chennai,Credit Card
1599,2025-09-07,1030,Karthik,Mouse,Electronics,3,757.44,Mumbai,Debit Card
1600,2025-07-18,1061,Rohit,Coffee Mug,Home,1,317.79,Coimbatore,UPI
1601,2025-12-27,1067,Vikram,Jeans,Fashion,3,1828.31,Hyderabad,Cash
1602,2025-12-01,1049,Nisha,Backpack,Accessories,1,1806,Pune,Credit Card
1603,2025-09-22,1052,Nisha,Jeans,Fashion,3,1795.27,Kochi,UPI
1604,2025-09-14,1018,Rohit,Headphones,Electronics,2,2288.54,Delhi,Credit Card
1605,2025-03-18,1024,Sneha,Office Chair,Furniture,5,6782.49,Bengaluru,Credit Card
1606,2025-08-01,1043,Meera,Notebook,Stationery,4,119.5,Hyderabad,Cash
1607,2025-01-12,1032,Diya,Headphones,Electronics,5,2546.17,Hyderabad,UPI
1608,2025-10-21,1019,Diya,Headphones,Electronics,3,2711.22,Pune,UPI
1609,2025-12-05,1037,Karthik,Keyboard,Electronics,4,1225.57,Kochi,Cash
1610,2025-03-29,1029,Kavya,Backpack,Accessories,2,1906.06,Hyderabad,Debit Card
1611,2025-03-27,1093,Sanjay,Coffee Mug,Home,4,356.76,Bengaluru,Credit Card
1612,2025-07-13,1050,Rahul,Smartphone,Electronics,1,23511.74,Pune,Credit Card
1613,2025-11-07,1013,Sneha,Notebook,Stationery,5,122.4,Bengaluru,UPI
1614,2025-09-04,1085,Rahul,Coffee Mug,Home,5,352.75,Chennai,Cash
1615,2025-09-25,1054,Nisha,Jeans,Fashion,1,1871.15,Pune,Credit Card
1616,2025-09-04,1099,Harish,Office Chair,Furniture,5,6896.01,Bengaluru,Cash
1617,2025-03-10,1033,Aisha,T-Shirt,Fashion,2,973.82,Bengaluru,Debit Card
1618,2025-11-03,1070,Kavya,Mouse,Electronics,2,720.88,Chennai,UPI
1619,2025-09-24,1001,Harish,Water Bottle,Accessories,2,466.9,Coimbatore,Cash
1620,2025-07-05,1014,Rahul,Study Table,Furniture,5,8081.18,Pune,Debit Card
1621,2025-11-10,1036,Harish,T-Shirt,Fashion,2,884.38,Kochi,Credit Card
1622,2025-07-09,1072,Divya,Notebook,Stationery,3,131.72,Coimbatore,Cash
1623,2025-03-12,1085,Meera,Shoes,Fashion,2,3165.82,Hyderabad,UPI
1624,2025-04-20,1066,Harish,T-Shirt,Fashion,3,954.15,Chennai,Credit Card
1625,2025-07-19,1082,Aarav,T-Shirt,Fashion,1,958.19,Kochi,Cash
1626,2025-02-15,1009,Vikram,Keyboard,Electronics,3,1099.21,Chennai,Cash
1627,2025-07-25,1079,Manoj,Mouse,Electronics,5,729.19,Hyderabad,Cash
1628,2025-08-13,1002,Arjun,Jeans,Fashion,5,1722.96,Chennai,Credit Card
1629,2025-11-11,1022,Diya,Office Chair,Furniture,2,6701.52,Hyderabad,UPI
1630,2025-05-22,1100,Harish,Office Chair,Furniture,4,6377.09,Mumbai,UPI
1631,2025-12-27,1009,Karthik,Pen Pack,Stationery,3,83.62,Coimbatore,Debit Card
1632,2025-05-22,1029,Keerthi,Keyboard,Electronics,4,1303.13,Chennai,Debit Card
1633,2025-03-31,1053,Manoj,Smartphone,Electronics,5,22861.93,Delhi,Debit Card
1634,2025-03-01,1066,Vikram,Coffee Mug,Home,5,371.92,Delhi,Cash
1635,2025-07-13,1073,Aisha,T-Shirt,Fashion,2,946.35,Kochi,Cash
1636,2025-10-28,1004,Aisha,Smartphone,Electronics,3,22837.77,Mumbai,Credit Card
1637,2025-06-11,1053,Nisha,Pen Pack,Stationery,5,72.16,Delhi,Credit Card
1638,2025-05-28,1012,Harish,Water Bottle,Accessories,3,411.84,Hyderabad,Cash
1639,2025-06-10,1046,Arjun,Coffee Mug,Home,5,333.84,Mumbai,Cash
1640,2025-04-13,1031,Priya,Jeans,Fashion,3,1694.44,Mumbai,Credit Card
1641,2025-11-13,1046,Rahul,T-Shirt,Fashion,1,831.58,Bengaluru,Cash
1642,2025-11-11,1001,Divya,Laptop,Electronics,4,53583.16,Coimbatore,Cash
1643,2025-10-22,1036,Aisha,Headphones,Electronics,5,2390.13,Mumbai,Credit Card
1644,2025-01-28,1068,Kavya,Notebook,Stationery,5,108.78,Coimbatore,Cash
1645,2025-12-18,1100,Sneha,Notebook,Stationery,1,124.76,Kochi,Debit Card
1646,2025-12-19,1002,Aarav,Water Bottle,Accessories,2,439.15,Bengaluru,Debit Card
1647,2025-07-05,1079,Vikram,Headphones,Electronics,5,2381.42,Delhi,Cash
1648,2025-11-10,1044,Nisha,Headphones,Electronics,4,2461.97,Pune,Debit Card
1649,2025-07-06,1052,Vikram,Notebook,Stationery,2,121.71,Mumbai,UPI
1650,2025-05-19,1031,Divya,Study Table,Furniture,4,7983.31,Hyderabad,Cash
1651,2025-01-05,1023,Kavya,Notebook,Stationery,2,131.89,Coimbatore,Cash
1652,2025-06-03,1033,Divya,Jeans,Fashion,5,1637.18,Bengaluru,Credit Card
1653,2025-01-31,1028,Vikram,Notebook,Stationery,1,118.8,Coimbatore,Debit Card
1654,2025-07-04,1047,Divya,Pen Pack,Stationery,3,77.51,Pune,UPI
1655,2025-06-29,1087,Keerthi,Keyboard,Electronics,5,1218.21,Hyderabad,Debit Card
1656,2025-07-01,1042,Manoj,Notebook,Stationery,4,129.35,Pune,Debit Card
1657,2025-08-26,1081,Rahul,Jeans,Fashion,2,1850.61,Coimbatore,Cash
1658,2025-11-20,1079,Akash,Study Table,Furniture,1,7784.49,Coimbatore,Credit Card
1659,2025-06-10,1041,Ananya,Shoes,Fashion,3,3267.45,Pune,Debit Card
1660,2025-08-16,1100,Nisha,Shoes,Fashion,5,3213.4,Kochi,Cash
1661,2025-03-27,1024,Aarav,Headphones,Electronics,2,2581.01,Bengaluru,Credit Card
1662,2025-03-27,1051,Meera,Smartphone,Electronics,1,27183.97,Kochi,UPI
1663,2025-01-14,1099,Harish,Pen Pack,Stationery,1,73.66,Hyderabad,UPI
1664,2025-12-02,1050,Ananya,Keyboard,Electronics,2,1257.02,Kochi,Credit Card
1665,2025-03-09,1068,Sneha,Laptop,Electronics,1,56799.04,Coimbatore,Cash
1666,2025-08-28,1070,Vikram,Pen Pack,Stationery,4,74.16,Hyderabad,Cash
1667,2025-11-20,1096,Akash,Study Table,Furniture,5,8737.64,Delhi,Debit Card
1668,2025-09-04,1070,Priya,T-Shirt,Fashion,1,889.53,Coimbatore,Cash
1669,2025-05-14,1020,Ananya,Laptop,Electronics,1,55256.48,Hyderabad,Debit Card
1670,2025-05-27,1061,Divya,Laptop,Electronics,4,59916.53,Kochi,Debit Card
1671,2025-01-05,1099,Kavya,T-Shirt,Fashion,3,917.46,Chennai,Debit Card
1672,2025-04-07,1053,Divya,Study Table,Furniture,4,8074.82,Pune,Cash
1673,2025-04-23,1034,Karthik,Study Table,Furniture,2,8528.24,Delhi,Debit Card
1674,2025-11-29,1096,Divya,T-Shirt,Fashion,3,884.32,Bengaluru,Credit Card
1675,2025-03-11,1038,Meera,Water Bottle,Accessories,4,460.6,Delhi,Cash
1676,2025-04-07,1042,Aarav,Headphones,Electronics,1,2734.86,Chennai,Credit Card
1677,2025-02-22,1037,Vikram,Headphones,Electronics,4,2613.55,Mumbai,UPI
1678,2025-03-19,1002,Aisha,Keyboard,Electronics,3,1180.86,Kochi,Debit Card
1679,2025-08-26,1090,Diya,Office Chair,Furniture,1,6946.61,Hyderabad,UPI
1680,2025-05-17,1100,Harish,Smartphone,Electronics,5,24850.73,Mumbai,Debit Card
1681,2025-07-15,1002,Meera,T-Shirt,Fashion,2,879.26,Kochi,Credit Card
1682,2025-01-18,1026,Rohit,Shoes,Fashion,1,3213.53,Mumbai,Cash
1683,2025-07-19,1088,Ananya,Coffee Mug,Home,3,326.1,Chennai,UPI
1684,2025-05-10,1062,Ananya,Keyboard,Electronics,3,1293,Mumbai,UPI
1685,2025-05-01,1082,Kavya,Office Chair,Furniture,1,6067.57,Delhi,UPI
1686,2025-07-22,1032,Aarav,Laptop,Electronics,5,58118.23,Kochi,Credit Card
1687,2025-07-10,1099,Karthik,Keyboard,Electronics,2,1199.98,Coimbatore,UPI
1688,2025-01-31,1046,Rahul,Shoes,Fashion,5,3386.54,Hyderabad,Cash
1689,2025-04-30,1041,Divya,T-Shirt,Fashion,3,954.99,Kochi,Credit Card
1690,2025-01-11,1089,Harish,Office Chair,Furniture,2,6175.91,Chennai,Cash
1691,2025-12-28,1057,Divya,Mouse,Electronics,5,831.53,Mumbai,Credit Card
1692,2025-10-06,1045,Sanjay,Shoes,Fashion,4,3056.21,Hyderabad,UPI
1693,2025-09-29,1020,Rohit,Mouse,Electronics,3,806.66,Kochi,UPI
1694,2025-11-23,1065,Harish,Shoes,Fashion,2,3445.08,Coimbatore,Credit Card
1695,2025-06-14,1093,Karthik,Water Bottle,Accessories,5,478.71,Mumbai,Cash
1696,2025-10-10,1020,Keerthi,Mouse,Electronics,3,785.57,Coimbatore,UPI
1697,2025-02-19,1067,Karthik,Laptop,Electronics,2,51465.03,Chennai,Credit Card
1698,2025-02-24,1063,Arjun,Smartphone,Electronics,1,25355.06,Pune,Cash
1699,2025-09-27,1080,Akash,Mouse,Electronics,1,778.62,Bengaluru,UPI
1700,2025-04-17,1084,Aisha,Coffee Mug,Home,1,347.76,Chennai,Debit Card
1701,2025-10-13,1096,Kavya,Jeans,Fashion,3,1905.93,Chennai,Debit Card
1702,2025-09-28,1006,Karthik,Jeans,Fashion,3,1648.06,Mumbai,UPI
1703,2025-02-21,1093,Priya,Pen Pack,Stationery,4,75.03,Mumbai,Credit Card
1704,2025-10-13,1096,Divya,Study Table,Furniture,1,8952.68,Coimbatore,Cash
1705,2025-12-26,1086,Kavya,Coffee Mug,Home,1,326.68,Hyderabad,Cash
1706,2025-09-16,1044,Sneha,Pen Pack,Stationery,5,79.09,Coimbatore,Debit Card
1707,2025-10-09,1042,Nisha,Study Table,Furniture,4,9054.46,Coimbatore,Credit Card
1708,2025-10-16,1070,Arjun,Study Table,Furniture,5,9224.45,Delhi,Debit Card
1709,2025-08-20,1058,Harish,Laptop,Electronics,1,60312.52,Chennai,Credit Card
1710,2025-06-04,1001,Ananya,Keyboard,Electronics,2,1285.37,Chennai,Debit Card
1711,2025-10-11,1066,Divya,Backpack,Accessories,5,1675.7,Chennai,Cash
1712,2025-07-02,1020,Rahul,Mouse,Electronics,3,862.34,Mumbai,Credit Card
1713,2025-05-12,1039,Karthik,Backpack,Accessories,4,1824.86,Mumbai,UPI
1714,2025-06-16,1062,Sneha,Notebook,Stationery,5,127.67,Bengaluru,Debit Card
1715,2025-01-20,1094,Akash,Study Table,Furniture,1,8976.21,Coimbatore,Debit Card
1716,2025-08-11,1054,Meera,Jeans,Fashion,2,1889.16,Chennai,Cash
1717,2025-01-28,1040,Manoj,Laptop,Electronics,3,55439.23,Hyderabad,Debit Card
1718,2025-09-15,1090,Priya,Headphones,Electronics,1,2586.82,Pune,Cash
1719,2025-11-01,1074,Manoj,Smartphone,Electronics,2,24659.68,Pune,Credit Card
1720,2025-03-09,1044,Karthik,Notebook,Stationery,5,125.89,Pune,Debit Card
1721,2025-02-13,1052,Manoj,Study Table,Furniture,2,8945.46,Kochi,Credit Card
1722,2025-09-07,1051,Akash,Keyboard,Electronics,5,1227.84,Mumbai,Credit Card
1723,2025-02-06,1035,Kavya,Office Chair,Furniture,5,5966.47,Pune,Cash
1724,2025-07-07,1045,Arjun,Office Chair,Furniture,3,6622.04,Chennai,Debit Card
1725,2025-03-28,1045,Keerthi,Jeans,Fashion,4,1844.35,Kochi,UPI
1726,2025-04-30,1026,Nisha,Headphones,Electronics,1,2306.19,Chennai,Credit Card
1727,2025-11-14,1019,Ananya,Laptop,Electronics,3,57131.75,Bengaluru,Debit Card
1728,2025-08-19,1061,Aarav,Office Chair,Furniture,2,6812.02,Mumbai,Credit Card
1729,2025-10-07,1067,Vikram,Pen Pack,Stationery,4,81.97,Hyderabad,UPI
1730,2025-07-12,1075,Manoj,Laptop,Electronics,3,51373.52,Delhi,Credit Card
1731,2025-12-23,1080,Vikram,Laptop,Electronics,4,56702.34,Chennai,UPI
1732,2025-07-18,1085,Vikram,Water Bottle,Accessories,3,482.79,Chennai,Debit Card
1733,2025-11-29,1050,Priya,Study Table,Furniture,5,9310.24,Bengaluru,Debit Card
1734,2025-09-06,1077,Divya,Smartphone,Electronics,2,23494.38,Kochi,UPI
1735,2025-01-21,1032,Manoj,Mouse,Electronics,3,798.39,Hyderabad,UPI
1736,2025-06-27,1088,Nisha,Office Chair,Furniture,3,6157.07,Delhi,UPI
1737,2025-11-17,1033,Harish,Coffee Mug,Home,1,381.09,Delhi,Credit Card
1738,2025-03-19,1044,Harish,Water Bottle,Accessories,2,412.9,Pune,Credit Card
1739,2025-08-02,1031,Akash,Headphones,Electronics,4,2735.27,Coimbatore,Cash
1740,2025-10-05,1017,Arjun,Water Bottle,Accessories,2,457.29,Mumbai,Credit Card
1741,2025-06-08,1089,Manoj,Coffee Mug,Home,2,345.1,Hyderabad,Credit Card
1742,2025-06-12,1009,Divya,Pen Pack,Stationery,1,74.95,Hyderabad,UPI
1743,2025-06-13,1053,Kavya,Mouse,Electronics,4,839.3,Delhi,Credit Card
1744,2025-04-07,1014,Rahul,Headphones,Electronics,1,2631.22,Delhi,Credit Card
1745,2025-11-02,1030,Priya,Water Bottle,Accessories,1,437.33,Kochi,Credit Card
1746,2025-09-15,1078,Aisha,Shoes,Fashion,3,2997.74,Pune,Cash
1747,2025-08-31,1018,Sneha,Keyboard,Electronics,2,1087.74,Chennai,Debit Card
1748,2025-07-31,1029,Arjun,T-Shirt,Fashion,2,821.9,Kochi,Cash
1749,2025-12-19,1042,Rohit,Coffee Mug,Home,2,344.93,Chennai,Cash
1750,2025-06-10,1051,Keerthi,Shoes,Fashion,5,3260.04,Chennai,UPI
1751,2025-08-20,1059,Diya,Coffee Mug,Home,2,351.31,Pune,UPI
1752,2025-10-13,1050,Manoj,T-Shirt,Fashion,1,844.17,Kochi,Cash
1753,2025-06-05,1100,Ananya,Notebook,Stationery,2,118.14,Chennai,Credit Card
1754,2025-08-26,1083,Rohit,Smartphone,Electronics,5,23065.86,Hyderabad,Cash
1755,2025-07-31,1042,Rohit,Laptop,Electronics,2,54490.49,Mumbai,Cash
1756,2025-02-16,1033,Sanjay,Shoes,Fashion,2,3339.76,Bengaluru,UPI
1757,2025-02-28,1091,Rohit,Water Bottle,Accessories,3,412.68,Pune,Credit Card
1758,2025-07-13,1071,Harish,Laptop,Electronics,2,59534.78,Hyderabad,Credit Card
1759,2025-03-16,1023,Diya,Study Table,Furniture,3,8176.18,Kochi,Debit Card
1760,2025-11-17,1024,Meera,Coffee Mug,Home,2,382.23,Chennai,Debit Card
1761,2025-01-07,1059,Aisha,Jeans,Fashion,4,1815.66,Chennai,Cash
1762,2025-05-02,1028,Akash,Water Bottle,Accessories,4,445.84,Kochi,UPI
1763,2025-11-04,1077,Aarav,Keyboard,Electronics,5,1146.75,Mumbai,UPI
1764,2025-04-05,1019,Diya,Water Bottle,Accessories,3,408.3,Chennai,Debit Card
1765,2025-06-19,1012,Diya,Smartphone,Electronics,4,27468.68,Hyderabad,Debit Card
1766,2025-11-09,1085,Keerthi,Backpack,Accessories,5,1683.87,Kochi,Debit Card
1767,2025-01-19,1012,Ananya,Office Chair,Furniture,3,7016.79,Bengaluru,Cash
1768,2025-10-09,1009,Ananya,Notebook,Stationery,2,110.93,Delhi,Debit Card
1769,2025-09-27,1053,Manoj,Keyboard,Electronics,2,1226.89,Bengaluru,UPI
1770,2025-09-05,1093,Keerthi,Coffee Mug,Home,3,344.89,Coimbatore,Debit Card
1771,2025-09-27,1074,Keerthi,Office Chair,Furniture,2,6648.58,Kochi,Cash
1772,2025-09-10,1024,Keerthi,Keyboard,Electronics,3,1315.02,Chennai,UPI
1773,2025-01-13,1060,Meera,Shoes,Fashion,2,3391.72,Pune,Cash
1774,2025-01-24,1043,Nisha,Pen Pack,Stationery,2,72.18,Mumbai,Debit Card
1775,2025-05-11,1009,Ananya,Mouse,Electronics,5,808,Chennai,UPI
1776,2025-12-18,1043,Sanjay,Study Table,Furniture,5,8697.19,Chennai,Credit Card
1777,2025-04-10,1043,Sanjay,Coffee Mug,Home,4,379.13,Chennai,Credit Card
1778,2025-09-04,1020,Rohit,Coffee Mug,Home,5,377.72,Kochi,Cash
1779,2025-01-29,1067,Ananya,Backpack,Accessories,3,1819.86,Chennai,Credit Card
1780,2025-10-23,1088,Sanjay,T-Shirt,Fashion,3,821.92,Hyderabad,Debit Card
1781,2025-01-16,1044,Harish,Water Bottle,Accessories,5,480.82,Pune,Credit Card
1782,2025-11-01,1015,Ananya,Shoes,Fashion,3,3334.3,Delhi,Cash
1783,2025-02-14,1064,Priya,Office Chair,Furniture,4,6928.29,Delhi,Credit Card
1784,2025-09-26,1039,Sneha,Smartphone,Electronics,3,26424.72,Mumbai,UPI
1785,2025-08-16,1065,Aarav,T-Shirt,Fashion,4,972.89,Hyderabad,Credit Card
1786,2025-06-24,1062,Manoj,Mouse,Electronics,3,742.93,Bengaluru,Credit Card
1787,2025-04-16,1093,Diya,Notebook,Stationery,4,125.13,Bengaluru,UPI
1788,2025-06-09,1006,Keerthi,Jeans,Fashion,1,1739.98,Chennai,UPI
1789,2025-09-24,1099,Ananya,Laptop,Electronics,5,57843.43,Mumbai,Debit Card
1790,2025-04-13,1025,Ananya,Mouse,Electronics,5,771.06,Kochi,UPI
1791,2025-05-20,1020,Sneha,Mouse,Electronics,1,722.44,Bengaluru,Credit Card
1792,2025-10-05,1045,Divya,Office Chair,Furniture,3,6034.02,Delhi,Credit Card
1793,2025-03-29,1010,Ananya,Backpack,Accessories,3,1814.61,Chennai,Credit Card
1794,2025-01-15,1061,Diya,Smartphone,Electronics,4,22769,Pune,Cash
1795,2025-04-02,1091,Keerthi,Coffee Mug,Home,5,359.06,Kochi,Debit Card
1796,2025-06-09,1043,Arjun,Shoes,Fashion,5,2930.27,Kochi,Credit Card
1797,2025-02-17,1090,Rohit,Smartphone,Electronics,4,24051.96,Kochi,Cash
1798,2025-04-29,1029,Rahul,Jeans,Fashion,5,1712.9,Coimbatore,Cash
1799,2025-04-04,1090,Sanjay,T-Shirt,Fashion,3,891.59,Chennai,UPI
1800,2025-09-01,1015,Nisha,Notebook,Stationery,4,128.3,Delhi,Debit Card
1801,2025-11-06,1074,Rahul,Pen Pack,Stationery,1,78.49,Bengaluru,Debit Card
1802,2025-10-12,1084,Karthik,T-Shirt,Fashion,3,905.89,Pune,Cash
1803,2025-05-03,1080,Priya,Pen Pack,Stationery,2,87.58,Pune,UPI
1804,2025-06-24,1027,Akash,Study Table,Furniture,4,8614.26,Coimbatore,Credit Card
1805,2025-03-30,1085,Karthik,Shoes,Fashion,5,3415.52,Bengaluru,Cash
1806,2025-06-16,1072,Meera,Jeans,Fashion,4,1683.42,Pune,UPI
1807,2025-11-03,1014,Keerthi,T-Shirt,Fashion,4,868.93,Chennai,UPI
1808,2025-04-22,1018,Akash,Coffee Mug,Home,1,368,Hyderabad,Cash
1809,2025-09-30,1038,Harish,Backpack,Accessories,5,1780.98,Mumbai,Debit Card
1810,2025-06-03,1073,Ananya,Coffee Mug,Home,4,365.25,Coimbatore,UPI
1811,2025-10-26,1002,Keerthi,Pen Pack,Stationery,4,85.56,Delhi,UPI
1812,2025-07-09,1071,Diya,Laptop,Electronics,5,58528.29,Coimbatore,UPI
1813,2025-05-25,1004,Priya,Study Table,Furniture,5,8320.26,Coimbatore,Cash
1814,2025-07-27,1049,Kavya,Pen Pack,Stationery,2,82.6,Kochi,Credit Card
1815,2025-04-07,1072,Harish,Jeans,Fashion,3,1922.39,Hyderabad,Debit Card
1816,2025-12-10,1017,Rahul,Laptop,Electronics,1,56632.28,Hyderabad,Cash
1817,2025-12-03,1056,Rahul,Smartphone,Electronics,2,25711.21,Pune,Cash
1818,2025-12-23,1078,Kavya,Backpack,Accessories,2,1783.58,Pune,Cash
1819,2025-07-16,1046,Priya,Headphones,Electronics,4,2552.29,Kochi,Credit Card
1820,2025-12-31,1065,Vikram,Study Table,Furniture,5,8629.8,Chennai,UPI
1821,2025-10-18,1062,Nisha,Smartphone,Electronics,5,24907.66,Bengaluru,Credit Card
1822,2025-09-27,1097,Vikram,Notebook,Stationery,5,109.88,Bengaluru,Credit Card
1823,2025-08-30,1081,Karthik,Water Bottle,Accessories,5,476.83,Delhi,UPI
1824,2025-06-25,1069,Aarav,Notebook,Stationery,4,120.3,Kochi,Debit Card
1825,2025-08-04,1046,Ananya,Mouse,Electronics,2,725.65,Delhi,Debit Card
1826,2025-02-01,1081,Aisha,Backpack,Accessories,2,1826.23,Delhi,UPI
1827,2025-05-27,1063,Karthik,Headphones,Electronics,5,2288.43,Delhi,Debit Card
1828,2025-03-09,1079,Vikram,Mouse,Electronics,3,722.27,Bengaluru,Credit Card
1829,2025-10-30,1095,Rahul,Water Bottle,Accessories,4,438.28,Hyderabad,Debit Card
1830,2025-12-25,1031,Aisha,Headphones,Electronics,5,2681.01,Coimbatore,UPI
1831,2025-03-16,1077,Rahul,Jeans,Fashion,4,1890.99,Pune,Cash
1832,2025-05-02,1085,Rohit,Shoes,Fashion,2,3014.95,Coimbatore,UPI
1833,2025-11-25,1034,Meera,Laptop,Electronics,2,54604.16,Kochi,Debit Card
1834,2025-09-01,1096,Divya,Keyboard,Electronics,4,1244.04,Pune,Cash
1835,2025-05-15,1019,Manoj,Jeans,Fashion,4,1624.27,Kochi,Cash
1836,2025-12-14,1041,Manoj,Water Bottle,Accessories,1,413.76,Coimbatore,Cash
1837,2025-11-09,1084,Vikram,Office Chair,Furniture,3,6197.21,Bengaluru,Debit Card
1838,2025-12-02,1075,Harish,Notebook,Stationery,2,125.62,Mumbai,Debit Card
1839,2025-12-13,1089,Sneha,Office Chair,Furniture,5,5863.75,Chennai,UPI
1840,2025-01-07,1053,Meera,Pen Pack,Stationery,1,82.97,Coimbatore,Credit Card
1841,2025-05-26,1033,Arjun,Laptop,Electronics,1,56313.37,Chennai,Credit Card
1842,2025-11-03,1082,Meera,Shoes,Fashion,1,2935.29,Hyderabad,Cash
1843,2025-12-03,1098,Akash,T-Shirt,Fashion,2,971.28,Hyderabad,Debit Card
1844,2025-05-31,1060,Karthik,Water Bottle,Accessories,4,488.04,Delhi,Cash
1845,2025-12-21,1086,Sanjay,Mouse,Electronics,2,844.92,Delhi,UPI
1846,2025-07-15,1050,Sanjay,Laptop,Electronics,3,60011.66,Delhi,Credit Card
1847,2025-08-14,1009,Aisha,Coffee Mug,Home,2,357.72,Hyderabad,Cash
1848,2025-02-25,1019,Divya,T-Shirt,Fashion,4,849.31,Bengaluru,Cash
1849,2025-05-13,1014,Diya,Smartphone,Electronics,1,25356.72,Delhi,Cash
1850,2025-01-10,1064,Rahul,Water Bottle,Accessories,1,488.96,Pune,Debit Card
1851,2025-03-19,1090,Sanjay,Coffee Mug,Home,4,355.22,Kochi,Cash
1852,2025-08-12,1052,Karthik,Pen Pack,Stationery,2,72.05,Kochi,UPI
1853,2025-10-18,1069,Nisha,Office Chair,Furniture,3,6370.8,Bengaluru,Debit Card
1854,2025-10-01,1044,Karthik,Jeans,Fashion,4,1893.76,Delhi,Credit Card
1855,2025-04-01,1071,Diya,Study Table,Furniture,2,8158.08,Pune,UPI
1856,2025-11-19,1089,Nisha,Notebook,Stationery,1,129.25,Kochi,Credit Card
1857,2025-03-13,1005,Arjun,Laptop,Electronics,5,52123.34,Pune,UPI
1858,2025-10-04,1083,Ananya,Notebook,Stationery,5,131.16,Kochi,UPI
1859,2025-01-19,1044,Diya,Office Chair,Furniture,1,6377.16,Mumbai,Cash
1860,2025-12-14,1069,Rahul,Shoes,Fashion,5,3029.11,Bengaluru,UPI
1861,2025-03-14,1063,Aarav,Notebook,Stationery,5,109.1,Hyderabad,UPI
1862,2025-03-30,1081,Diya,Coffee Mug,Home,3,372.45,Bengaluru,Cash
1863,2025-11-09,1022,Akash,Smartphone,Electronics,1,23070.9,Mumbai,UPI
1864,2025-04-14,1055,Sanjay,T-Shirt,Fashion,4,868.36,Hyderabad,Debit Card
1865,2025-04-20,1098,Diya,Backpack,Accessories,2,1740.78,Bengaluru,Debit Card
1866,2025-03-14,1097,Kavya,Headphones,Electronics,3,2526.7,Kochi,Credit Card
1867,2025-10-25,1006,Rahul,Smartphone,Electronics,5,24380.66,Hyderabad,UPI
1868,2025-09-07,1011,Aarav,Laptop,Electronics,2,59687.51,Delhi,Cash
1869,2025-12-22,1099,Aisha,Shoes,Fashion,2,3011.94,Delhi,Cash
1870,2025-07-30,1031,Sneha,Backpack,Accessories,1,1834.66,Kochi,UPI
1871,2025-11-18,1039,Nisha,Study Table,Furniture,1,8598.11,Mumbai,UPI
1872,2025-09-29,1013,Keerthi,Office Chair,Furniture,5,6509.8,Kochi,Credit Card
1873,2025-05-22,1007,Arjun,Smartphone,Electronics,2,25926.22,Kochi,Cash
1874,2025-04-01,1021,Diya,Laptop,Electronics,3,52635.71,Pune,Debit Card
1875,2025-06-21,1079,Rohit,Laptop,Electronics,1,57644.59,Hyderabad,Credit Card
1876,2025-01-15,1063,Manoj,Smartphone,Electronics,1,26975.4,Kochi,Debit Card
1877,2025-08-03,1026,Sanjay,Keyboard,Electronics,1,1158.27,Bengaluru,Credit Card
1878,2025-07-31,1026,Harish,Coffee Mug,Home,2,320.15,Kochi,UPI
1879,2025-08-12,1019,Arjun,Coffee Mug,Home,5,346.85,Pune,Debit Card
1880,2025-03-11,1059,Arjun,Water Bottle,Accessories,3,492.8,Mumbai,Debit Card
1881,2025-03-07,1005,Akash,Laptop,Electronics,3,51001.52,Kochi,Cash
1882,2025-08-03,1022,Sanjay,Keyboard,Electronics,3,1224.87,Hyderabad,Credit Card
1883,2025-02-14,1053,Manoj,Notebook,Stationery,2,122.2,Kochi,Debit Card
1884,2025-01-08,1094,Kavya,Shoes,Fashion,2,3038.61,Pune,Credit Card
1885,2025-10-30,1020,Akash,Coffee Mug,Home,1,344.24,Chennai,UPI
1886,2025-08-29,1094,Manoj,Laptop,Electronics,4,55342.34,Kochi,UPI
1887,2025-08-20,1064,Priya,Smartphone,Electronics,5,26265.39,Pune,Credit Card
1888,2025-03-09,1046,Ananya,Keyboard,Electronics,1,1083.82,Delhi,Credit Card
1889,2025-12-27,1059,Akash,Shoes,Fashion,5,2895.62,Kochi,Cash
1890,2025-03-12,1091,Harish,Headphones,Electronics,3,2563.41,Chennai,UPI
1891,2025-07-17,1089,Sanjay,Pen Pack,Stationery,1,76.75,Delhi,Credit Card
1892,2025-12-17,1011,Keerthi,Coffee Mug,Home,3,366.5,Chennai,Debit Card
1893,2025-01-27,1015,Harish,Office Chair,Furniture,4,6654.87,Coimbatore,Debit Card
1894,2025-03-31,1083,Divya,Shoes,Fashion,1,3238.89,Mumbai,Credit Card
1895,2025-06-21,1031,Divya,Smartphone,Electronics,4,26186.9,Mumbai,Credit Card
1896,2025-06-14,1046,Vikram,Pen Pack,Stationery,4,76.43,Bengaluru,Debit Card
1897,2025-06-26,1058,Aisha,Pen Pack,Stationery,5,85.27,Kochi,Debit Card
1898,2025-08-20,1080,Nisha,T-Shirt,Fashion,1,843.9,Kochi,UPI
1899,2025-02-11,1051,Sneha,Mouse,Electronics,1,737.5,Delhi,UPI
1900,2025-12-23,1019,Aisha,Headphones,Electronics,2,2510.34,Chennai,Debit Card
1901,2025-08-02,1088,Divya,Coffee Mug,Home,2,348.17,Pune,Cash
1902,2025-11-27,1003,Ananya,Keyboard,Electronics,1,1085.29,Mumbai,Debit Card
1903,2025-07-30,1075,Sanjay,Water Bottle,Accessories,3,448.75,Kochi,Cash
1904,2025-06-05,1073,Rahul,Coffee Mug,Home,3,327.02,Delhi,Credit Card
1905,2025-09-05,1048,Ananya,T-Shirt,Fashion,1,836.7,Delhi,Cash
1906,2025-03-27,1080,Sneha,Shoes,Fashion,5,3062.56,Hyderabad,Credit Card
1907,2025-03-24,1031,Meera,Laptop,Electronics,3,55819.78,Kochi,Debit Card
1908,2025-07-09,1024,Arjun,Pen Pack,Stationery,1,82.65,Coimbatore,Credit Card
1909,2025-07-10,1058,Divya,Headphones,Electronics,5,2400.78,Chennai,Cash
1910,2025-09-13,1099,Rahul,Notebook,Stationery,3,111.75,Coimbatore,Debit Card
1911,2025-08-31,1038,Akash,Water Bottle,Accessories,2,476.96,Kochi,Debit Card
1912,2025-12-19,1015,Aisha,Coffee Mug,Home,1,324.76,Bengaluru,Debit Card
1913,2025-01-13,1052,Keerthi,Jeans,Fashion,2,1780.55,Bengaluru,Debit Card
1914,2025-01-29,1078,Arjun,Backpack,Accessories,5,1699.97,Delhi,Credit Card
1915,2025-01-12,1011,Divya,Jeans,Fashion,4,1863.74,Bengaluru,Cash
1916,2025-04-10,1063,Sanjay,Backpack,Accessories,5,1804.16,Chennai,Debit Card
1917,2025-07-23,1019,Kavya,Office Chair,Furniture,4,6334.68,Delhi,Debit Card
1918,2025-06-29,1040,Rohit,Jeans,Fashion,5,1651.54,Kochi,Cash
1919,2025-08-15,1037,Sneha,T-Shirt,Fashion,4,941.15,Pune,Credit Card
1920,2025-10-28,1077,Karthik,Headphones,Electronics,2,2401.62,Coimbatore,UPI
1921,2025-10-30,1097,Harish,Smartphone,Electronics,1,24547.3,Delhi,Cash
1922,2025-03-31,1072,Rohit,Shoes,Fashion,5,3363.36,Hyderabad,Credit Card
1923,2025-04-06,1049,Ananya,Pen Pack,Stationery,4,72.68,Delhi,Debit Card
1924,2025-09-10,1072,Rohit,Keyboard,Electronics,1,1269.89,Hyderabad,Debit Card
1925,2025-06-03,1082,Aisha,Smartphone,Electronics,3,24585.78,Kochi,Credit Card
1926,2025-01-15,1016,Vikram,Notebook,Stationery,1,122.37,Coimbatore,Cash
1927,2025-10-17,1056,Vikram,Water Bottle,Accessories,4,492.68,Bengaluru,Debit Card
1928,2025-09-20,1094,Akash,Laptop,Electronics,3,51291.32,Chennai,Credit Card
1929,2025-06-13,1060,Rahul,Office Chair,Furniture,2,5918.75,Coimbatore,Cash
1930,2025-11-22,1046,Diya,Mouse,Electronics,3,804.74,Bengaluru,Credit Card
1931,2025-11-18,1024,Meera,Backpack,Accessories,2,1815.74,Coimbatore,Debit Card
1932,2025-05-19,1088,Nisha,Smartphone,Electronics,5,25400.23,Hyderabad,UPI
1933,2025-03-12,1067,Ananya,Office Chair,Furniture,4,6385.59,Hyderabad,UPI
1934,2025-04-22,1020,Manoj,Keyboard,Electronics,2,1270.83,Bengaluru,Cash
1935,2025-08-24,1010,Meera,Jeans,Fashion,2,1952.43,Kochi,Debit Card
1936,2025-06-09,1089,Nisha,Headphones,Electronics,4,2694.86,Coimbatore,Credit Card
1937,2025-12-30,1039,Aarav,Shoes,Fashion,1,3022.31,Hyderabad,Credit Card
1938,2025-06-07,1017,Arjun,Headphones,Electronics,1,2462.4,Bengaluru,UPI
1939,2025-01-10,1100,Aisha,T-Shirt,Fashion,4,817.65,Bengaluru,UPI
1940,2025-12-04,1066,Akash,Laptop,Electronics,4,50808.14,Delhi,UPI
1941,2025-02-03,1039,Aarav,T-Shirt,Fashion,1,950.83,Mumbai,Credit Card
1942,2025-04-05,1086,Nisha,Laptop,Electronics,1,51101.13,Delhi,Debit Card
1943,2025-06-30,1021,Manoj,T-Shirt,Fashion,5,853.53,Bengaluru,UPI
1944,2025-10-24,1098,Aarav,Pen Pack,Stationery,2,83.45,Delhi,Credit Card
1945,2025-10-03,1001,Meera,Coffee Mug,Home,2,379.43,Kochi,Debit Card
1946,2025-12-24,1076,Sneha,Notebook,Stationery,1,112.34,Coimbatore,Cash
1947,2025-08-06,1028,Manoj,Keyboard,Electronics,4,1107.08,Coimbatore,UPI
1948,2025-08-27,1015,Manoj,Headphones,Electronics,4,2631.14,Delhi,UPI
1949,2025-02-12,1042,Aisha,Smartphone,Electronics,4,23918.06,Delhi,Cash
1950,2025-04-26,1071,Kavya,Mouse,Electronics,4,750.21,Bengaluru,Cash
1951,2025-12-14,1048,Sneha,Laptop,Electronics,4,56893.05,Pune,Cash
1952,2025-09-25,1085,Karthik,Smartphone,Electronics,2,24474.06,Bengaluru,Credit Card
1953,2025-02-03,1047,Arjun,Office Chair,Furniture,2,6623.45,Pune,UPI
1954,2025-04-30,1055,Aisha,Mouse,Electronics,5,814.98,Pune,Debit Card
1955,2025-09-01,1086,Keerthi,Study Table,Furniture,4,8519.4,Hyderabad,Cash
1956,2025-02-25,1016,Vikram,Notebook,Stationery,4,113.54,Hyderabad,UPI
1957,2025-02-20,1095,Diya,Jeans,Fashion,1,1799.33,Chennai,Credit Card
1958,2025-07-15,1078,Sanjay,Headphones,Electronics,3,2560.98,Bengaluru,UPI
1959,2025-12-05,1097,Manoj,T-Shirt,Fashion,4,952.69,Mumbai,Debit Card
1960,2025-12-05,1064,Aisha,Pen Pack,Stationery,3,80.68,Chennai,UPI
1961,2025-08-09,1016,Harish,Notebook,Stationery,3,128.47,Kochi,Cash
1962,2025-01-19,1005,Sneha,Pen Pack,Stationery,3,86.16,Hyderabad,Cash
1963,2025-08-09,1018,Ananya,Shoes,Fashion,4,3191.97,Bengaluru,Cash
1964,2025-12-04,1071,Divya,Backpack,Accessories,4,1791.33,Hyderabad,UPI
1965,2025-07-20,1034,Aisha,Backpack,Accessories,4,1842.1,Coimbatore,Debit Card
1966,2025-06-14,1008,Aarav,Backpack,Accessories,1,1666.15,Coimbatore,Debit Card
1967,2025-10-26,1004,Sanjay,Study Table,Furniture,1,8377.85,Coimbatore,Cash
1968,2025-06-29,1008,Priya,Keyboard,Electronics,2,1235.54,Bengaluru,UPI
1969,2025-06-06,1015,Sanjay,Headphones,Electronics,1,2519.21,Chennai,Cash
1970,2025-12-03,1055,Akash,Pen Pack,Stationery,4,76.27,Kochi,UPI
1971,2025-06-12,1049,Akash,Study Table,Furniture,3,8623.32,Kochi,UPI
1972,2025-12-20,1087,Arjun,Office Chair,Furniture,4,6503.6,Coimbatore,Credit Card
1973,2025-11-11,1039,Nisha,Study Table,Furniture,2,8494.82,Bengaluru,Credit Card
1974,2025-05-28,1034,Diya,Mouse,Electronics,5,784.32,Mumbai,UPI
1975,2025-10-24,1013,Akash,Office Chair,Furniture,3,5937.45,Kochi,Cash
1976,2025-04-18,1045,Karthik,Water Bottle,Accessories,3,450.42,Delhi,Cash
1977,2025-12-06,1070,Sanjay,Keyboard,Electronics,4,1176.55,Kochi,Credit Card
1978,2025-01-10,1081,Manoj,Jeans,Fashion,2,1827.66,Mumbai,Cash
1979,2025-05-18,1082,Divya,T-Shirt,Fashion,5,963.5,Pune,UPI
1980,2025-09-25,1026,Nisha,Notebook,Stationery,2,113.77,Delhi,Cash
1981,2025-07-30,1041,Karthik,Water Bottle,Accessories,2,481.14,Delhi,Debit Card
1982,2025-11-27,1021,Vikram,Water Bottle,Accessories,5,426.25,Mumbai,UPI
1983,2025-03-18,1025,Aarav,Keyboard,Electronics,3,1191.4,Pune,Cash
1984,2025-11-28,1005,Arjun,Headphones,Electronics,3,2318.22,Delhi,Debit Card
1985,2025-12-04,1071,Sneha,Water Bottle,Accessories,1,491.74,Kochi,UPI
1986,2025-01-29,1011,Sanjay,Backpack,Accessories,3,1932.18,Pune,Debit Card
1987,2025-12-10,1085,Karthik,Study Table,Furniture,2,8051.27,Bengaluru,Debit Card
1988,2025-09-12,1012,Priya,Backpack,Accessories,1,1898.35,Coimbatore,Debit Card
1989,2025-10-27,1095,Harish,T-Shirt,Fashion,2,978.39,Mumbai,Credit Card
1990,2025-02-24,1023,Arjun,Mouse,Electronics,4,785.34,Chennai,Cash
1991,2025-10-01,1048,Meera,Office Chair,Furniture,5,6400.92,Mumbai,Debit Card
1992,2025-03-16,1047,Aisha,Shoes,Fashion,3,3405.67,Chennai,UPI
1993,2025-12-06,1007,Priya,Mouse,Electronics,5,781.55,Coimbatore,UPI
1994,2025-10-01,1031,Rohit,Study Table,Furniture,1,9196.64,Pune,Debit Card
1995,2025-06-04,1012,Priya,Mouse,Electronics,2,857.51,Hyderabad,Cash
1996,2025-11-20,1041,Kavya,T-Shirt,Fashion,1,859.33,Bengaluru,Cash
1997,2025-08-30,1095,Kavya,Coffee Mug,Home,3,365.22,Bengaluru,Credit Card
1998,2025-12-24,1034,Manoj,Smartphone,Electronics,3,24604.35,Coimbatore,Cash
1999,2025-12-22,1004,Diya,Water Bottle,Accessories,2,461.71,Hyderabad,UPI
